1710122400.157797000
1710122400.658916000
1710122401.159600000
1710122401.661617000
1710122402.160047000
1710122402.664650000
1710122403.157734000
1710122403.664160000
1710122404.160406000
1710122404.658129000
1710122405.163059000
1710122405.661297000
1710122406.160414000
1710122406.665524000
1710122407.164633000
1710122407.658544000
1710122408.165903000
1710122408.660459000
1710122409.162705000
1710122409.656080000
1710122410.163461000
1710122410.657122000
1710122411.158122000
1710122411.661975000
1710122412.163371000
1710122412.659599000
1710122413.154364000
1710122413.664418000
1710122414.159646000
1710122414.663402000
1710122415.159834000
1710122415.658864000
1710122416.166946000
1710122416.663639000
1710122417.157738000
1710122417.665905000
1710122418.153982000
1710122418.660156000
1710122419.162820000
1710122419.660759000
1710122420.162598000
1710122420.658998000
1710122421.154805000
1710122421.664403000
1710122422.162729000
1710122422.662248000
1710122423.157129000
1710122423.656886000
1710122424.160151000
1710122424.655447000
1710122425.162660000
1710122425.658815000
1710122426.159399000
1710122426.658651000
1710122427.161457000
1710122427.663119000
1710122428.166533000
1710122428.661621000
1710122429.156515000
1710122429.662425000
1710122430.160957000
1710122430.658538000
1710122431.159201000
1710122431.657823000
1710122432.155296000
1710122432.661356000
1710122433.155404000
1710122433.662275000
1710122434.158960000
1710122434.667588000
1710122435.163099000
1710122435.656869000
1710122436.153459000
1710122436.658169000
1710122437.162795000
1710122437.658578000
1710122438.161520000
1710122438.658304000
1710122439.163703000
1710122439.661054000
1710122440.157279000
1710122440.661121000
1710122441.162052000
1710122441.661283000
1710122442.160750000
1710122442.658665000
1710122443.159639000
1710122443.667943000
1710122444.160980000
1710122444.662437000
1710122445.162665000
1710122445.659801000
1710122446.159578000
1710122446.661582000
1710122447.165099000
1710122447.658617000
1710122448.158286000
1710122448.663594000
1710122449.157072000
1710122449.656591000
1710122450.163420000
1710122450.663536000
1710122451.160560000
1710122451.657584000
1710122452.163011000
1710122452.661605000
1710122453.160834000
1710122453.661721000
1710122454.158764000
1710122454.660127000
1710122455.163836000
1710122455.663338000
1710122456.154190000
1710122456.657861000
1710122457.162701000
1710122457.660551000
1710122458.159643000
1710122458.657063000
1710122459.162994000
1710122459.664837000
1710122460.159809000
1710122460.657928000
1710122461.155564000
1710122461.660512000
1710122462.164922000
1710122462.666651000
1710122463.165480000
1710122463.657134000
1710122464.157616000
1710122464.658982000
1710122465.160355000
1710122465.655881000
1710122466.163390000
1710122466.659438000
1710122467.165128000
1710122467.663915000
1710122468.156573000
1710122468.657492000
1710122469.160474000
1710122469.663615000
1710122470.163787000
1710122470.662828000
1710122471.161755000
1710122471.655595000
1710122472.164580000
1710122472.661752000
1710122473.158188000
1710122473.662269000
1710122474.161092000
1710122474.657293000
1710122475.163627000
1710122475.665192000
1710122476.155311000
1710122476.663881000
1710122477.166731000
1710122477.660311000
1710122478.163701000
1710122478.661844000
1710122479.160062000
1710122479.664833000
1710122480.161144000
1710122480.664972000
1710122481.162018000
1710122481.666442000
1710122482.160907000
1710122482.662367000
1710122483.164072000
1710122483.659921000
1710122484.165422000
1710122484.659707000
1710122485.157807000
1710122485.659695000
1710122486.161248000
1710122486.667470000
1710122487.160885000
1710122487.658664000
1710122488.159228000
1710122488.658636000
1710122489.163216000
1710122489.662241000
1710122490.162738000
1710122490.659172000
1710122491.164857000
1710122491.660214000
1710122492.157849000
1710122492.664811000
1710122493.158771000
1710122493.657927000
1710122494.160235000
1710122494.661274000
1710122495.162889000
1710122495.663801000
1710122496.154707000
1710122496.660727000
1710122497.161405000
1710122497.659920000
1710122498.162215000
1710122498.659400000
1710122499.160516000
1710122499.658672000
1710122500.159506000
1710122500.662366000
1710122501.162713000
1710122501.659149000
1710122502.159308000
1710122502.658054000
1710122503.161006000
1710122503.664616000
1710122504.164617000
1710122504.659835000
1710122505.167273000
1710122505.659893000
1710122506.159855000
1710122506.657007000
1710122507.161218000
1710122507.665028000
1710122508.161730000
1710122508.660096000
1710122509.160541000
1710122509.661626000
1710122510.161427000
1710122510.662609000
1710122511.158167000
1710122511.664987000
1710122512.159700000
1710122512.661188000
1710122513.159661000
1710122513.656209000
1710122514.166047000
1710122514.658830000
1710122515.162290000
1710122515.661366000
1710122516.158319000
1710122516.661091000
1710122517.162845000
1710122517.663121000
1710122518.161692000
1710122518.658731000
1710122519.157648000
1710122519.659528000
1710122520.157215000
1710122520.664627000
1710122521.161247000
1710122521.659780000
1710122522.155451000
1710122522.660958000
1710122523.159058000
1710122523.663896000
1710122524.158521000
1710122524.658580000
1710122525.159504000
1710122525.658415000
1710122526.163116000
1710122526.660751000
1710122527.160650000
1710122527.656875000
1710122528.160046000
1710122528.660243000
1710122529.158023000
1710122529.665545000
1710122530.158828000
1710122530.659993000
1710122531.165455000
1710122531.661059000
1710122532.164912000
1710122532.661268000
1710122533.161617000
1710122533.665323000
1710122534.158334000
1710122534.663851000
1710122535.160722000
1710122535.657408000
1710122536.159116000
1710122536.660746000
1710122537.161319000
1710122537.661325000
1710122538.157855000
1710122538.657842000
1710122539.159982000
1710122539.656136000
1710122540.159974000
1710122540.659317000
1710122541.159379000
1710122541.662177000
1710122542.160190000
1710122542.660633000
1710122543.166614000
1710122543.659325000
1710122544.163583000
1710122544.654123000
1710122545.156717000
1710122545.657755000
1710122546.160043000
1710122546.663436000
1710122547.161169000
1710122547.663879000
1710122548.150758000
1710122548.659523000
1710122549.163347000
1710122549.655216000
1710122550.158695000
1710122550.659333000
1710122551.160896000
1710122551.659510000
1710122552.164453000
1710122552.661291000
1710122553.162111000
1710122553.662091000
1710122554.156608000
1710122554.663450000
1710122555.165536000
1710122555.659175000
1710122556.159033000
1710122556.661886000
1710122557.165014000
1710122557.660910000
1710122558.160452000
1710122558.658420000
1710122559.160428000
1710122559.658270000
1710122560.163748000
1710122560.659602000
1710122561.161030000
1710122561.660446000
1710122562.159582000
1710122562.660207000
1710122563.163394000
1710122563.661424000
1710122564.164563000
1710122564.662925000
1710122565.162432000
1710122565.662280000
1710122566.163078000
1710122566.659192000
1710122567.156312000
1710122567.662708000
1710122568.158931000
1710122568.662158000
1710122569.160176000
1710122569.665723000
1710122570.161550000
1710122570.657895000
1710122571.161321000
1710122571.657605000
1710122572.158800000
1710122572.659405000
1710122573.159216000
1710122573.665003000
1710122574.161843000
1710122574.664638000
1710122575.162622000
1710122575.664439000
1710122576.161800000
1710122576.652236000
1710122577.159595000
1710122577.661123000
1710122578.166192000
1710122578.656865000
1710122579.155063000
1710122579.664488000
1710122580.158038000
1710122580.663832000
1710122581.162613000
1710122581.663569000
1710122582.160806000
1710122582.661415000
1710122583.163576000
1710122583.660529000
1710122584.156070000
1710122584.657451000
1710122585.161958000
1710122585.661669000
1710122586.158471000
1710122586.662236000
1710122587.156555000
1710122587.660816000
1710122588.160444000
1710122588.661553000
1710122589.160967000
1710122589.663634000
1710122590.165488000
1710122590.662627000
1710122591.164741000
1710122591.659587000
1710122592.155547000
1710122592.661969000
1710122593.158141000
1710122593.660028000
1710122594.158146000
1710122594.658919000
1710122595.158765000
1710122595.667799000
1710122596.159986000
1710122596.659034000
1710122597.164172000
1710122597.661497000
1710122598.159141000
1710122598.663633000
1710122599.163718000
1710122599.659785000
1710122600.164308000
1710122600.658268000
1710122601.158191000
1710122601.662426000
1710122602.159607000
1710122602.662992000
1710122603.164228000
1710122603.660419000
1710122604.162661000
1710122604.658915000
1710122605.157730000
1710122605.660130000
1710122606.161063000
1710122606.663802000
1710122607.158890000
1710122607.661955000
1710122608.160531000
1710122608.660656000
1710122609.158330000
1710122609.662657000
1710122610.161236000
1710122610.661015000
1710122611.160716000
1710122611.659546000
1710122612.157568000
1710122612.658401000
1710122613.161948000
1710122613.659653000
1710122614.166867000
1710122614.656377000
1710122615.166237000
1710122615.658973000
1710122616.159561000
1710122616.662882000
1710122617.163572000
1710122617.662802000
1710122618.165299000
1710122618.661677000
1710122619.164504000
1710122619.662030000
1710122620.161793000
1710122620.658514000
1710122621.165047000
1710122621.661518000
1710122622.162757000
1710122622.659830000
1710122623.157940000
1710122623.659035000
1710122624.163229000
1710122624.660742000
1710122625.158083000
1710122625.660001000
1710122626.162925000
1710122626.661824000
1710122627.160723000
1710122627.667261000
1710122628.162580000
1710122628.663062000
1710122629.157518000
1710122629.655478000
1710122630.165910000
1710122630.661308000
1710122631.165609000
1710122631.658585000
1710122632.162249000
1710122632.663249000
1710122633.161860000
1710122633.662125000
1710122634.158267000
1710122634.660953000
1710122635.163263000
1710122635.660467000
1710122636.159936000
1710122636.661619000
1710122637.156740000
1710122637.662586000
1710122638.158264000
1710122638.661050000
1710122639.164013000
1710122639.665276000
1710122640.160995000
1710122640.654705000
1710122641.161027000
1710122641.659063000
1710122642.161578000
1710122642.660520000
1710122643.161366000
1710122643.657743000
1710122644.155501000
1710122644.657238000
1710122645.153588000
1710122645.662265000
1710122646.157354000
1710122646.661426000
1710122647.161576000
1710122647.664829000
1710122648.155720000
1710122648.659359000
1710122649.156780000
1710122649.661411000
1710122650.164886000
1710122650.660162000
1710122651.158915000
1710122651.658886000
1710122652.152172000
1710122652.658070000
1710122653.163132000
1710122653.665709000
1710122654.159178000
1710122654.658266000
1710122655.154115000
1710122655.666035000
1710122656.162543000
1710122656.657910000
1710122657.157207000
1710122657.653911000
1710122658.160073000
1710122658.658693000
1710122659.159888000
1710122659.660597000
1710122660.159126000
1710122660.666751000
1710122661.163812000
1710122661.662106000
1710122662.159893000
1710122662.663406000
1710122663.164831000
1710122663.661563000
1710122664.161463000
1710122664.660674000
1710122665.156818000
1710122665.661261000
1710122666.161257000
1710122666.659103000
1710122667.159299000
1710122667.655946000
1710122668.163318000
1710122668.657795000
1710122669.155582000
1710122669.658936000
1710122670.162352000
1710122670.657751000
1710122671.158787000
1710122671.657244000
1710122672.161222000
1710122672.667726000
1710122673.161631000
1710122673.660906000
1710122674.157611000
1710122674.659087000
1710122675.161206000
1710122675.655669000
1710122676.163914000
1710122676.659415000
1710122677.161619000
1710122677.662875000
1710122678.161349000
1710122678.660895000
1710122679.159999000
1710122679.662897000
1710122680.159837000
1710122680.666157000
1710122681.155143000
1710122681.663265000
1710122682.165635000
1710122682.658319000
1710122683.161074000
1710122683.664325000
1710122684.159750000
1710122684.661016000
1710122685.164064000
1710122685.661985000
1710122686.166988000
1710122686.664129000
1710122687.162345000
1710122687.661922000
1710122688.159277000
1710122688.666250000
1710122689.158755000
1710122689.660251000
1710122690.156316000
1710122690.660846000
1710122691.162112000
1710122691.655915000
1710122692.158528000
1710122692.659562000
1710122693.156722000
1710122693.657294000
1710122694.164477000
1710122694.655806000
1710122695.159756000
1710122695.659133000
1710122696.168162000
1710122696.660755000
1710122697.162427000
1710122697.654494000
1710122698.161536000
1710122698.660239000
1710122699.163134000
1710122699.658273000
1710122700.153708000
1710122700.659527000
1710122701.168630000
1710122701.665165000
1710122702.160352000
1710122702.657408000
1710122703.157750000
1710122703.657951000
1710122704.162487000
1710122704.658094000
1710122705.159923000
1710122705.659260000
1710122706.161972000
1710122706.657487000
1710122707.161784000
1710122707.654987000
1710122708.159833000
1710122708.657664000
1710122709.159657000
1710122709.659906000
1710122710.156681000
1710122710.658267000
1710122711.161093000
1710122711.662636000
1710122712.162551000
1710122712.662176000
1710122713.159232000
1710122713.661739000
1710122714.162291000
1710122714.655113000
1710122715.160612000
1710122715.656951000
1710122716.165384000
1710122716.663278000
1710122717.159480000
1710122717.657362000
1710122718.160937000
1710122718.662501000
1710122719.158274000
1710122719.659996000
1710122720.157751000
1710122720.662036000
1710122721.160570000
1710122721.657456000
1710122722.156674000
1710122722.665709000
1710122723.161416000
1710122723.657014000
1710122724.158524000
1710122724.660083000
1710122725.157881000
1710122725.657390000
1710122726.162544000
1710122726.663770000
1710122727.160049000
1710122727.665864000
1710122728.160853000
1710122728.663190000
1710122729.157248000
1710122729.661227000
1710122730.160000000
1710122730.656594000
1710122731.163724000
1710122731.660576000
1710122732.165892000
1710122732.662775000
1710122733.164169000
1710122733.662987000
1710122734.159401000
1710122734.655977000
1710122735.161565000
1710122735.659074000
1710122736.159716000
1710122736.663805000
1710122737.156199000
1710122737.662907000
1710122738.157781000
1710122738.659683000
1710122739.161468000
1710122739.659078000
1710122740.159899000
1710122740.666120000
1710122741.161056000
1710122741.661483000
1710122742.156410000
1710122742.658865000
1710122743.161054000
1710122743.660390000
1710122744.163044000
1710122744.662443000
1710122745.160320000
1710122745.661385000
1710122746.155795000
1710122746.664146000
1710122747.156933000
1710122747.663548000
1710122748.160433000
1710122748.662896000
1710122749.162059000
1710122749.656497000
1710122750.161472000
1710122750.667722000
1710122751.160418000
1710122751.650079000
1710122752.159178000
1710122752.657566000
1710122753.161664000
1710122753.656621000
1710122754.159508000
1710122754.668871000
1710122755.164063000
1710122755.664246000
1710122756.157624000
1710122756.659751000
1710122757.158242000
1710122757.668299000
1710122758.160138000
1710122758.665523000
1710122759.162508000
1710122759.657620000
1710122760.157034000
1710122760.656635000
1710122761.163379000
1710122761.662256000
1710122762.155202000
1710122762.658246000
1710122763.157457000
1710122763.662213000
1710122764.155292000
1710122764.661691000
1710122765.159863000
1710122765.657546000
1710122766.161450000
1710122766.661224000
1710122767.165658000
1710122767.662488000
1710122768.163018000
1710122768.656708000
1710122769.158027000
1710122769.658509000
1710122770.158121000
1710122770.661615000
1710122771.160662000
1710122771.656888000
1710122772.163789000
1710122772.661492000
1710122773.156996000
1710122773.664428000
1710122774.159813000
1710122774.661336000
1710122775.166913000
1710122775.658046000
1710122776.162580000
1710122776.657657000
1710122777.157623000
1710122777.656726000
1710122778.160411000
1710122778.658597000
1710122779.157849000
1710122779.658781000
1710122780.160609000
1710122780.659914000
1710122781.160247000
1710122781.661613000
1710122782.163495000
1710122782.656770000
1710122783.158782000
1710122783.659659000
1710122784.158452000
1710122784.664537000
1710122785.157162000
1710122785.658757000
1710122786.158815000
1710122786.659714000
1710122787.163124000
1710122787.661055000
1710122788.160649000
1710122788.662167000
1710122789.165062000
1710122789.663878000
1710122790.157241000
1710122790.661634000
1710122791.156285000
1710122791.657823000
1710122792.158061000
1710122792.659220000
1710122793.162938000
1710122793.659514000
1710122794.162615000
1710122794.665278000
1710122795.163445000
1710122795.663790000
1710122796.158885000
1710122796.659483000
1710122797.162128000
1710122797.663882000
1710122798.159458000
1710122798.659425000
1710122799.157262000
1710122799.659945000
1710122800.160484000
1710122800.651960000
1710122801.160023000
1710122801.657642000
1710122802.158690000
1710122802.658239000
1710122803.155378000
1710122803.662969000
1710122804.159862000
1710122804.665667000
1710122805.156924000
1710122805.662684000
1710122806.163954000
1710122806.661929000
1710122807.164669000
1710122807.660843000
1710122808.162060000
1710122808.658649000
1710122809.163037000
1710122809.661037000
1710122810.158375000
1710122810.660057000
1710122811.161183000
1710122811.655780000
1710122812.165490000
1710122812.660067000
1710122813.160260000
1710122813.657694000
1710122814.165070000
1710122814.665735000
1710122815.160921000
1710122815.662619000
1710122816.157618000
1710122816.659346000
1710122817.157893000
1710122817.656916000
1710122818.162041000
1710122818.659429000
1710122819.160437000
1710122819.662869000
1710122820.160119000
1710122820.661643000
1710122821.158506000
1710122821.662939000
1710122822.161357000
1710122822.663025000
1710122823.157568000
1710122823.656967000
1710122824.161232000
1710122824.657376000
1710122825.155091000
1710122825.663311000
1710122826.167001000
1710122826.655814000
1710122827.161168000
1710122827.658517000
1710122828.158258000
1710122828.664035000
1710122829.160850000
1710122829.661424000
1710122830.161394000
1710122830.658026000
1710122831.164041000
1710122831.658100000
1710122832.164317000
1710122832.662236000
1710122833.154537000
1710122833.657705000
1710122834.159719000
1710122834.656787000
1710122835.159274000
1710122835.657224000
1710122836.156845000
1710122836.663601000
1710122837.160059000
1710122837.664332000
1710122838.164717000
1710122838.661990000
1710122839.161615000
1710122839.663903000
1710122840.160999000
1710122840.657623000
1710122841.160166000
1710122841.660530000
1710122842.162339000
1710122842.665198000
1710122843.160205000
1710122843.661912000
1710122844.164310000
1710122844.659347000
1710122845.158368000
1710122845.664128000
1710122846.160200000
1710122846.655467000
1710122847.165081000
1710122847.659009000
1710122848.162636000
1710122848.662509000
1710122849.162740000
1710122849.660986000
1710122850.161393000
1710122850.658723000
1710122851.159081000
1710122851.658499000
1710122852.158443000
1710122852.659930000
1710122853.154534000
1710122853.658014000
1710122854.157857000
1710122854.663593000
1710122855.158472000
1710122855.657583000
1710122856.163820000
1710122856.658908000
1710122857.154513000
1710122857.658879000
1710122858.158825000
1710122858.660173000
1710122859.155164000
1710122859.655414000
1710122860.160433000
1710122860.658363000
1710122861.161422000
1710122861.663262000
1710122862.160616000
1710122862.662225000
1710122863.163734000
1710122863.654892000
1710122864.160997000
1710122864.659172000
1710122865.163148000
1710122865.659347000
1710122866.157078000
1710122866.655921000
1710122867.151314000
1710122867.661007000
1710122868.158149000
1710122868.660439000
1710122869.160476000
1710122869.662176000
1710122870.161566000
1710122870.663961000
1710122871.160192000
1710122871.658365000
1710122872.160575000
1710122872.661116000
1710122873.158339000
1710122873.662989000
1710122874.158670000
1710122874.654059000
1710122875.158804000
1710122875.664960000
1710122876.161735000
1710122876.667204000
1710122877.155739000
1710122877.666651000
1710122878.153850000
1710122878.658423000
1710122879.161937000
1710122879.657148000
1710122880.157819000
1710122880.660609000
1710122881.157028000
1710122881.657926000
1710122882.160569000
1710122882.656692000
1710122883.156441000
1710122883.657445000
1710122884.160284000
1710122884.662390000
1710122885.163213000
1710122885.662119000
1710122886.161632000
1710122886.662639000
1710122887.165694000
1710122887.659274000
1710122888.166605000
1710122888.662022000
1710122889.159911000
1710122889.661788000
1710122890.158624000
1710122890.658989000
1710122891.161489000
1710122891.664839000
1710122892.158129000
1710122892.658735000
1710122893.157737000
1710122893.663008000
1710122894.157071000
1710122894.657520000
1710122895.162842000
1710122895.664069000
1710122896.158108000
1710122896.665815000
1710122897.159746000
1710122897.660242000
1710122898.154827000
1710122898.656606000
1710122899.158814000
1710122899.659446000
1710122900.162719000
1710122900.655639000
1710122901.157825000
1710122901.658407000
1710122902.162086000
1710122902.656320000
1710122903.161202000
1710122903.663001000
1710122904.160945000
1710122904.658330000
1710122905.161125000
1710122905.661918000
1710122906.162050000
1710122906.659722000
1710122907.157030000
1710122907.662147000
1710122908.161016000
1710122908.658145000
1710122909.162165000
1710122909.660439000
1710122910.162249000
1710122910.652346000
1710122911.162080000
1710122911.665032000
1710122912.164601000
1710122912.660305000
1710122913.158203000
1710122913.657037000
1710122914.160087000
1710122914.659826000
1710122915.158088000
1710122915.660860000
1710122916.160660000
1710122916.663728000
1710122917.160590000
1710122917.665437000
1710122918.161566000
1710122918.660694000
1710122919.159541000
1710122919.654907000
1710122920.161905000
1710122920.656522000
1710122921.157079000
1710122921.663764000
1710122922.159500000
1710122922.658550000
1710122923.158524000
1710122923.663353000
1710122924.163513000
1710122924.661450000
1710122925.162353000
1710122925.669285000
1710122926.163389000
1710122926.663380000
1710122927.163990000
1710122927.662055000
1710122928.154543000
1710122928.654822000
1710122929.166321000
1710122929.658471000
1710122930.161918000
1710122930.665272000
1710122931.158030000
1710122931.656302000
1710122932.161057000
1710122932.661127000
1710122933.162439000
1710122933.660100000
1710122934.160095000
1710122934.660553000
1710122935.159108000
1710122935.662713000
1710122936.166429000
1710122936.655962000
1710122937.164348000
1710122937.664644000
1710122938.155923000
1710122938.657894000
1710122939.164857000
1710122939.657834000
1710122940.162893000
1710122940.660576000
1710122941.155153000
1710122941.656136000
1710122942.163353000
1710122942.664790000
1710122943.160475000
1710122943.659233000
1710122944.167124000
1710122944.662419000
1710122945.155990000
1710122945.658469000
1710122946.161903000
1710122946.664205000
1710122947.157924000
1710122947.658169000
1710122948.162500000
1710122948.658446000
1710122949.162664000
1710122949.661476000
1710122950.160851000
1710122950.660014000
1710122951.161431000
1710122951.658591000
1710122952.159428000
1710122952.658213000
1710122953.158457000
1710122953.659778000
1710122954.160228000
1710122954.659881000
1710122955.164979000
1710122955.665144000
1710122956.160944000
1710122956.665192000
1710122957.157564000
1710122957.666057000
1710122958.161459000
1710122958.662390000
1710122959.159261000
1710122959.654619000
1710122960.159166000
1710122960.662843000
1710122961.164616000
1710122961.660745000
1710122962.164969000
1710122962.661072000
1710122963.160927000
1710122963.660060000
1710122964.159849000
1710122964.662041000
1710122965.159613000
1710122965.659883000
1710122966.160833000
1710122966.658368000
1710122967.160161000
1710122967.658841000
1710122968.163328000
1710122968.665123000
1710122969.163737000
1710122969.661529000
1710122970.161718000
1710122970.659277000
1710122971.163845000
1710122971.658024000
1710122972.164664000
1710122972.660064000
1710122973.160144000
1710122973.655849000
1710122974.158183000
1710122974.656559000
1710122975.163462000
1710122975.658423000
1710122976.170006000
1710122976.662743000
1710122977.157291000
1710122977.663563000
1710122978.159740000
1710122978.663800000
1710122979.157393000
1710122979.663159000
1710122980.155556000
1710122980.655133000
1710122981.157783000
1710122981.657743000
1710122982.160060000
1710122982.655372000
1710122983.161734000
1710122983.661747000
1710122984.160014000
1710122984.664955000
1710122985.158721000
1710122985.659751000
1710122986.159041000
1710122986.660879000
1710122987.162742000
1710122987.661938000
1710122988.161218000
1710122988.662977000
1710122989.160563000
1710122989.656383000
1710122990.162498000
1710122990.657670000
1710122991.158859000
1710122991.663502000
1710122992.161485000
1710122992.665113000
1710122993.156609000
1710122993.662234000
1710122994.163047000
1710122994.663914000
1710122995.161745000
1710122995.664486000
1710122996.157380000
1710122996.654469000
1710122997.166726000
1710122997.659679000
1710122998.158284000
1710122998.660433000
1710122999.154528000
1710122999.661467000
1710123000.161338000
1710123000.667882000
1710123001.155167000
1710123001.658163000
1710123002.157024000
1710123002.658654000
1710123003.163405000
1710123003.660120000
1710123004.158314000
1710123004.668874000
1710123005.159694000
1710123005.665063000
1710123006.158381000
1710123006.663224000
1710123007.158337000
1710123007.662506000
1710123008.162087000
1710123008.665362000
1710123009.162014000
1710123009.659177000
1710123010.160612000
1710123010.666921000
1710123011.161780000
1710123011.657892000
1710123012.159429000
1710123012.663088000
1710123013.162307000
1710123013.661933000
1710123014.159681000
1710123014.668003000
1710123015.159015000
1710123015.664564000
1710123016.158809000
1710123016.662242000
1710123017.162037000
1710123017.659390000
1710123018.163846000
1710123018.661433000
1710123019.163008000
1710123019.659401000
1710123020.167466000
1710123020.655676000
1710123021.161493000
1710123021.661224000
1710123022.161539000
1710123022.657759000
1710123023.159433000
1710123023.664912000
1710123024.155046000
1710123024.663191000
1710123025.162844000
1710123025.659775000
1710123026.160722000
1710123026.664956000
1710123027.160119000
1710123027.662076000
1710123028.160591000
1710123028.658197000
1710123029.159208000
1710123029.657775000
1710123030.158575000
1710123030.659461000
1710123031.162636000
1710123031.659219000
1710123032.167197000
1710123032.658422000
1710123033.158840000
1710123033.654081000
1710123034.163892000
1710123034.663531000
1710123035.161392000
1710123035.658929000
1710123036.161639000
1710123036.663074000
1710123037.161074000
1710123037.661247000
1710123038.163936000
1710123038.660948000
1710123039.164025000
1710123039.656226000
1710123040.160867000
1710123040.658965000
1710123041.160838000
1710123041.656332000
1710123042.162647000
1710123042.664918000
1710123043.164867000
1710123043.659308000
1710123044.161286000
1710123044.661120000
1710123045.161492000
1710123045.658645000
1710123046.159549000
1710123046.659641000
1710123047.162579000
1710123047.660657000
1710123048.165076000
1710123048.664978000
1710123049.164173000
1710123049.653694000
1710123050.161582000
1710123050.660330000
1710123051.156530000
1710123051.665129000
1710123052.160217000
1710123052.662328000
1710123053.158602000
1710123053.664376000
1710123054.161033000
1710123054.664023000
1710123055.163680000
1710123055.661672000
1710123056.160857000
1710123056.655425000
1710123057.163932000
1710123057.661618000
1710123058.162806000
1710123058.661842000
1710123059.164485000
1710123059.661695000
1710123060.162789000
1710123060.663049000
1710123061.159621000
1710123061.663976000
1710123062.161959000
1710123062.665572000
1710123063.163575000
1710123063.662368000
1710123064.157142000
1710123064.658073000
1710123065.164755000
1710123065.666347000
1710123066.161748000
1710123066.662394000
1710123067.159885000
1710123067.659298000
1710123068.160213000
1710123068.657616000
1710123069.162372000
1710123069.656841000
1710123070.161525000
1710123070.662107000
1710123071.157997000
1710123071.657078000
1710123072.159784000
1710123072.663595000
1710123073.164198000
1710123073.659089000
1710123074.157346000
1710123074.655869000
1710123075.157053000
1710123075.661189000
1710123076.160780000
1710123076.665026000
1710123077.164254000
1710123077.660053000
1710123078.160880000
1710123078.659585000
1710123079.161193000
1710123079.662922000
1710123080.161072000
1710123080.662992000
1710123081.162474000
1710123081.663424000
1710123082.154327000
1710123082.659646000
1710123083.161000000
1710123083.662888000
1710123084.161582000
1710123084.656356000
1710123085.158626000
1710123085.660608000
1710123086.158555000
1710123086.664048000
1710123087.155298000
1710123087.659509000
1710123088.166887000
1710123088.662448000
1710123089.163203000
1710123089.665613000
1710123090.162580000
1710123090.664799000
1710123091.158206000
1710123091.664019000
1710123092.165956000
1710123092.658752000
1710123093.160048000
1710123093.660163000
1710123094.157589000
1710123094.659358000
1710123095.162243000
1710123095.658165000
1710123096.161859000
1710123096.662959000
1710123097.160958000
1710123097.663865000
1710123098.163030000
1710123098.663816000
1710123099.161761000
1710123099.656631000
1710123100.161638000
1710123100.657276000
1710123101.158774000
1710123101.657673000
1710123102.164509000
1710123102.657584000
1710123103.160985000
1710123103.659616000
1710123104.160987000
1710123104.657454000
1710123105.161488000
1710123105.661250000
1710123106.162472000
1710123106.669940000
1710123107.159426000
1710123107.663568000
1710123108.160834000
1710123108.664679000
1710123109.161576000
1710123109.665191000
1710123110.161529000
1710123110.659865000
1710123111.162039000
1710123111.661138000
1710123112.160689000
1710123112.661085000
1710123113.156880000
1710123113.663291000
1710123114.160187000
1710123114.662855000
1710123115.163382000
1710123115.658205000
1710123116.162796000
1710123116.663633000
1710123117.162366000
1710123117.659655000
1710123118.162601000
1710123118.659840000
1710123119.160383000
1710123119.661518000
1710123120.163687000
1710123120.658159000
1710123121.161295000
1710123121.659902000
1710123122.162758000
1710123122.662035000
1710123123.161626000
1710123123.657454000
1710123124.156630000
1710123124.661800000
1710123125.156549000
1710123125.665375000
1710123126.162909000
1710123126.658750000
1710123127.161195000
1710123127.656081000
1710123128.159743000
1710123128.664273000
1710123129.157874000
1710123129.658751000
1710123130.160598000
1710123130.660334000
1710123131.162573000
1710123131.663893000
1710123132.157890000
1710123132.667045000
1710123133.165375000
1710123133.665523000
1710123134.158457000
1710123134.666268000
1710123135.162534000
1710123135.663408000
1710123136.156420000
1710123136.665964000
1710123137.153877000
1710123137.657744000
1710123138.160105000
1710123138.660710000
1710123139.159008000
1710123139.654991000
1710123140.155244000
1710123140.661521000
1710123141.159257000
1710123141.657281000
1710123142.164060000
1710123142.665890000
1710123143.162310000
1710123143.658486000
1710123144.156013000
1710123144.663622000
1710123145.155857000
1710123145.664454000
1710123146.161303000
1710123146.658381000
1710123147.166033000
1710123147.658756000
1710123148.157374000
1710123148.663923000
1710123149.158358000
1710123149.661880000
1710123150.159988000
1710123150.662188000
1710123151.151831000
1710123151.657687000
1710123152.160895000
1710123152.661899000
1710123153.158466000
1710123153.661054000
1710123154.160410000
1710123154.662599000
1710123155.163355000
1710123155.660780000
1710123156.161041000
1710123156.656472000
1710123157.167428000
1710123157.663023000
1710123158.163663000
1710123158.660382000
1710123159.160482000
1710123159.655084000
1710123160.158434000
1710123160.657020000
1710123161.161836000
1710123161.659991000
1710123162.162241000
1710123162.659454000
1710123163.164948000
1710123163.652341000
1710123164.161224000
1710123164.657007000
1710123165.157176000
1710123165.658965000
1710123166.161371000
1710123166.663251000
1710123167.163516000
1710123167.657478000
1710123168.162574000
1710123168.663003000
1710123169.155340000
1710123169.659286000
1710123170.161541000
1710123170.657220000
1710123171.154045000
1710123171.657804000
1710123172.160321000
1710123172.658827000
1710123173.163980000
1710123173.663569000
1710123174.160300000
1710123174.666741000
1710123175.156677000
1710123175.660431000
1710123176.161913000
1710123176.658595000
1710123177.164372000
1710123177.664114000
1710123178.158269000
1710123178.657726000
1710123179.168871000
1710123179.659160000
1710123180.159305000
1710123180.663450000
1710123181.157436000
1710123181.668140000
1710123182.158298000
1710123182.660907000
1710123183.158346000
1710123183.661820000
1710123184.159383000
1710123184.660522000
1710123185.161760000
1710123185.655139000
1710123186.161670000
1710123186.657907000
1710123187.162867000
1710123187.658518000
1710123188.161608000
1710123188.664954000
1710123189.157422000
1710123189.659844000
1710123190.159915000
1710123190.660194000
1710123191.162006000
1710123191.658555000
1710123192.157773000
1710123192.662950000
1710123193.160103000
1710123193.661570000
1710123194.164497000
1710123194.659264000
1710123195.165518000
1710123195.663129000
1710123196.156406000
1710123196.659069000
1710123197.162315000
1710123197.655770000
1710123198.159164000
1710123198.654922000
1710123199.161416000
1710123199.662032000
1710123200.161602000
1710123200.659803000
1710123201.159746000
1710123201.658689000
1710123202.161008000
1710123202.661325000
1710123203.158341000
1710123203.655457000
1710123204.159918000
1710123204.662288000
1710123205.155044000
1710123205.654762000
1710123206.161676000
1710123206.655267000
1710123207.164740000
1710123207.656615000
1710123208.158442000
1710123208.661251000
1710123209.163023000
1710123209.664248000
1710123210.158951000
1710123210.663743000
1710123211.161647000
1710123211.658095000
1710123212.162921000
1710123212.662165000
1710123213.161006000
1710123213.661046000
1710123214.163029000
1710123214.653663000
1710123215.164906000
1710123215.655922000
1710123216.163201000
1710123216.658677000
1710123217.160975000
1710123217.659499000
1710123218.157682000
1710123218.660114000
1710123219.154355000
1710123219.662555000
1710123220.159850000
1710123220.658453000
1710123221.164415000
1710123221.668065000
1710123222.165199000
1710123222.656658000
1710123223.157748000
1710123223.661416000
1710123224.163551000
1710123224.661647000
1710123225.158634000
1710123225.665313000
1710123226.159126000
1710123226.655129000
1710123227.162522000
1710123227.661015000
1710123228.155293000
1710123228.663776000
1710123229.160428000
1710123229.659904000
1710123230.156167000
1710123230.661438000
1710123231.160001000
1710123231.657828000
1710123232.160714000
1710123232.657981000
1710123233.160177000
1710123233.656136000
1710123234.159748000
1710123234.660331000
1710123235.159154000
1710123235.661601000
1710123236.160808000
1710123236.663499000
1710123237.157629000
1710123237.663907000
1710123238.158818000
1710123238.659844000
1710123239.157885000
1710123239.664747000
1710123240.162053000
1710123240.660738000
1710123241.157883000
1710123241.660285000
1710123242.158098000
1710123242.659759000
1710123243.166139000
1710123243.656643000
1710123244.163041000
1710123244.661990000
1710123245.159088000
1710123245.666205000
1710123246.160358000
1710123246.658055000
1710123247.161819000
1710123247.656394000
1710123248.161943000
1710123248.661151000
1710123249.159128000
1710123249.664361000
1710123250.161021000
1710123250.659923000
1710123251.158894000
1710123251.657908000
1710123252.163232000
1710123252.664686000
1710123253.158058000
1710123253.661083000
1710123254.162935000
1710123254.660850000
1710123255.161592000
1710123255.661450000
1710123256.159722000
1710123256.662198000
1710123257.162799000
1710123257.661331000
1710123258.161553000
1710123258.663299000
1710123259.159497000
1710123259.660512000
1710123260.159786000
1710123260.657770000
1710123261.160848000
1710123261.657578000
1710123262.162981000
1710123262.658891000
1710123263.154402000
1710123263.657890000
1710123264.160229000
1710123264.656488000
1710123265.156456000
1710123265.663922000
1710123266.164042000
1710123266.667247000
1710123267.155679000
1710123267.660627000
1710123268.160928000
1710123268.659105000
1710123269.164289000
1710123269.660190000
1710123270.161534000
1710123270.659805000
1710123271.159433000
1710123271.664952000
1710123272.156448000
1710123272.663565000
1710123273.158816000
1710123273.659992000
1710123274.159058000
1710123274.663338000
1710123275.159149000
1710123275.664253000
1710123276.156957000
1710123276.658898000
1710123277.155176000
1710123277.660558000
1710123278.157607000
1710123278.667518000
1710123279.156282000
1710123279.665843000
1710123280.156408000
1710123280.663311000
1710123281.154892000
1710123281.659689000
1710123282.167021000
1710123282.662015000
1710123283.157965000
1710123283.666745000
1710123284.162836000
1710123284.663096000
1710123285.163126000
1710123285.661122000
1710123286.158731000
1710123286.657329000
1710123287.164711000
1710123287.661181000
1710123288.161552000
1710123288.659870000
1710123289.158321000
1710123289.656630000
1710123290.158457000
1710123290.664030000
1710123291.157481000
1710123291.662467000
1710123292.160629000
1710123292.662216000
1710123293.154830000
1710123293.661709000
1710123294.161314000
1710123294.656719000
1710123295.160339000
1710123295.656247000
1710123296.161913000
1710123296.663147000
1710123297.159885000
1710123297.658704000
1710123298.159725000
1710123298.658221000
1710123299.160318000
1710123299.657863000
1710123300.165927000
1710123300.665182000
1710123301.159006000
1710123301.663145000
1710123302.158615000
1710123302.658843000
1710123303.162705000
1710123303.661186000
1710123304.159144000
1710123304.663114000
1710123305.161605000
1710123305.664467000
1710123306.157306000
1710123306.659651000
1710123307.155817000
1710123307.661434000
1710123308.159472000
1710123308.662470000
1710123309.155330000
1710123309.653450000
1710123310.159295000
1710123310.656104000
1710123311.161801000
1710123311.657942000
1710123312.162431000
1710123312.658358000
1710123313.157492000
1710123313.653672000
1710123314.160933000
1710123314.659525000
1710123315.161724000
1710123315.658937000
1710123316.153908000
1710123316.663783000
1710123317.159439000
1710123317.658618000
1710123318.158570000
1710123318.666315000
1710123319.155832000
1710123319.659997000
1710123320.161067000
1710123320.661819000
1710123321.161789000
1710123321.661237000
1710123322.162437000
1710123322.657999000
1710123323.157068000
1710123323.663501000
1710123324.158479000
1710123324.663020000
1710123325.159908000
1710123325.655242000
1710123326.154110000
1710123326.658854000
1710123327.160880000
1710123327.659228000
1710123328.156779000
1710123328.663347000
1710123329.163650000
1710123329.660897000
1710123330.164633000
1710123330.659340000
1710123331.160808000
1710123331.660222000
1710123332.155711000
1710123332.663007000
1710123333.160473000
1710123333.654978000
1710123334.164846000
1710123334.656900000
1710123335.159824000
1710123335.664149000
1710123336.159630000
1710123336.662176000
1710123337.157765000
1710123337.658551000
1710123338.158936000
1710123338.663289000
1710123339.160408000
1710123339.665306000
1710123340.158761000
1710123340.656616000
1710123341.159710000
1710123341.658581000
1710123342.157337000
1710123342.655377000
1710123343.160981000
1710123343.661470000
1710123344.161945000
1710123344.659403000
1710123345.159535000
1710123345.656042000
1710123346.162036000
1710123346.657694000
1710123347.159129000
1710123347.662997000
1710123348.162202000
1710123348.662569000
1710123349.156411000
1710123349.658357000
1710123350.162729000
1710123350.666521000
1710123351.163901000
1710123351.659503000
1710123352.159362000
1710123352.657429000
1710123353.164509000
1710123353.663244000
1710123354.161627000
1710123354.660479000
1710123355.160028000
1710123355.654436000
1710123356.161894000
1710123356.664563000
1710123357.161569000
1710123357.663094000
1710123358.163556000
1710123358.661562000
1710123359.162830000
1710123359.662842000
1710123360.159414000
1710123360.661651000
1710123361.161983000
1710123361.662950000
1710123362.157374000
1710123362.662704000
1710123363.158509000
1710123363.662639000
1710123364.163000000
1710123364.656025000
1710123365.164394000
1710123365.665520000
1710123366.165425000
1710123366.655704000
1710123367.168350000
1710123367.659129000
1710123368.159950000
1710123368.660613000
1710123369.157411000
1710123369.655511000
1710123370.163854000
1710123370.659250000
1710123371.163872000
1710123371.658632000
1710123372.159456000
1710123372.655829000
1710123373.157375000
1710123373.656393000
1710123374.161297000
1710123374.661464000
1710123375.158230000
1710123375.660935000
1710123376.160423000
1710123376.657843000
1710123377.160770000
1710123377.655818000
1710123378.155574000
1710123378.657607000
1710123379.161730000
1710123379.662401000
1710123380.157047000
1710123380.660165000
1710123381.161747000
1710123381.663292000
1710123382.162832000
1710123382.656523000
1710123383.157848000
1710123383.661007000
1710123384.155942000
1710123384.663423000
1710123385.158683000
1710123385.660407000
1710123386.157610000
1710123386.657697000
1710123387.158070000
1710123387.661273000
1710123388.157749000
1710123388.659474000
1710123389.162407000
1710123389.655591000
1710123390.163382000
1710123390.657501000
1710123391.159332000
1710123391.660767000
1710123392.162366000
1710123392.662457000
1710123393.162401000
1710123393.661773000
1710123394.160219000
1710123394.658399000
1710123395.163741000
1710123395.661363000
1710123396.158453000
1710123396.661002000
1710123397.161073000
1710123397.657785000
1710123398.156539000
1710123398.666051000
1710123399.167368000
1710123399.657396000
1710123400.161592000
1710123400.661405000
1710123401.166004000
1710123401.662408000
1710123402.163920000
1710123402.659986000
1710123403.160966000
1710123403.661978000
1710123404.155233000
1710123404.660372000
1710123405.157292000
1710123405.659640000
1710123406.159832000
1710123406.664121000
1710123407.163107000
1710123407.654151000
1710123408.162323000
1710123408.658421000
1710123409.159642000
1710123409.664887000
1710123410.159622000
1710123410.666478000
1710123411.162877000
1710123411.661529000
1710123412.163955000
1710123412.658067000
1710123413.166265000
1710123413.657945000
1710123414.161151000
1710123414.656565000
1710123415.152770000
1710123415.658631000
1710123416.160119000
1710123416.658249000
1710123417.163861000
1710123417.660252000
1710123418.161058000
1710123418.660594000
1710123419.162981000
1710123419.665196000
1710123420.161694000
1710123420.661315000
1710123421.158867000
1710123421.660255000
1710123422.158499000
1710123422.657623000
1710123423.158998000
1710123423.659227000
1710123424.155169000
1710123424.663753000
1710123425.163153000
1710123425.661507000
1710123426.157885000
1710123426.656897000
1710123427.159980000
1710123427.657586000
1710123428.160953000
1710123428.662482000
1710123429.156919000
1710123429.660125000
1710123430.160219000
1710123430.661643000
1710123431.164659000
1710123431.658953000
1710123432.163697000
1710123432.660211000
1710123433.161146000
1710123433.661859000
1710123434.166258000
1710123434.659916000
1710123435.162599000
1710123435.663229000
1710123436.162891000
1710123436.662639000
1710123437.166133000
1710123437.662150000
1710123438.160524000
1710123438.661427000
1710123439.159727000
1710123439.660458000
1710123440.157603000
1710123440.660848000
1710123441.160074000
1710123441.661887000
1710123442.161856000
1710123442.656342000
1710123443.160952000
1710123443.659908000
1710123444.165745000
1710123444.657571000
1710123445.163944000
1710123445.661457000
1710123446.164332000
1710123446.658401000
1710123447.157614000
1710123447.657469000
1710123448.156925000
1710123448.663372000
1710123449.160413000
1710123449.666769000
1710123450.155903000
1710123450.661860000
1710123451.159166000
1710123451.662311000
1710123452.162141000
1710123452.659851000
1710123453.164622000
1710123453.661345000
1710123454.158510000
1710123454.663490000
1710123455.160914000
1710123455.660706000
1710123456.160737000
1710123456.657779000
1710123457.162676000
1710123457.663321000
1710123458.158398000
1710123458.660915000
1710123459.160137000
1710123459.660895000
1710123460.161045000
1710123460.663953000
1710123461.157636000
1710123461.667128000
1710123462.160977000
1710123462.659317000
1710123463.157737000
1710123463.660204000
1710123464.161421000
1710123464.664347000
1710123465.165233000
1710123465.659057000
1710123466.159874000
1710123466.662757000
1710123467.161149000
1710123467.661611000
1710123468.164493000
1710123468.660764000
1710123469.154506000
1710123469.663895000
1710123470.157951000
1710123470.662712000
1710123471.163189000
1710123471.657530000
1710123472.159138000
1710123472.657032000
1710123473.157093000
1710123473.662719000
1710123474.159347000
1710123474.662744000
1710123475.161413000
1710123475.657617000
1710123476.161630000
1710123476.663049000
1710123477.155944000
1710123477.661647000
1710123478.164527000
1710123478.659782000
1710123479.161824000
1710123479.661357000
1710123480.161357000
1710123480.663350000
1710123481.159770000
1710123481.656684000
1710123482.159382000
1710123482.658911000
1710123483.163661000
1710123483.662162000
1710123484.162820000
1710123484.662478000
1710123485.152107000
1710123485.662773000
1710123486.158405000
1710123486.657779000
1710123487.157985000
1710123487.664142000
1710123488.162668000
1710123488.657836000
1710123489.162064000
1710123489.657957000
1710123490.159544000
1710123490.657684000
1710123491.161104000
1710123491.654262000
1710123492.159585000
1710123492.661047000
1710123493.156928000
1710123493.664240000
1710123494.159693000
1710123494.661896000
1710123495.160512000
1710123495.664509000
1710123496.162227000
1710123496.661010000
1710123497.156203000
1710123497.660179000
1710123498.156130000
1710123498.661120000
1710123499.164202000
1710123499.661429000
1710123500.162069000
1710123500.662052000
1710123501.160617000
1710123501.664085000
1710123502.163851000
1710123502.657828000
1710123503.159914000
1710123503.656846000
1710123504.161556000
1710123504.655097000
1710123505.157642000
1710123505.662285000
1710123506.157221000
1710123506.662846000
1710123507.163768000
1710123507.656677000
1710123508.158780000
1710123508.661923000
1710123509.163280000
1710123509.663850000
1710123510.159921000
1710123510.664088000
1710123511.161975000
1710123511.661678000
1710123512.168385000
1710123512.658986000
1710123513.158823000
1710123513.662435000
1710123514.159042000
1710123514.663396000
1710123515.162904000
1710123515.660750000
1710123516.157286000
1710123516.656860000
1710123517.161960000
1710123517.661036000
1710123518.162074000
1710123518.662383000
1710123519.161061000
1710123519.657058000
1710123520.162361000
1710123520.658444000
1710123521.163363000
1710123521.656604000
1710123522.164768000
1710123522.665631000
1710123523.163505000
1710123523.660441000
1710123524.160634000
1710123524.660236000
1710123525.157291000
1710123525.657948000
1710123526.160555000
1710123526.659251000
1710123527.159647000
1710123527.666615000
1710123528.162545000
1710123528.662247000
1710123529.160968000
1710123529.660488000
1710123530.164059000
1710123530.662180000
1710123531.162362000
1710123531.658552000
1710123532.164647000
1710123532.651123000
1710123533.156885000
1710123533.652731000
1710123534.160627000
1710123534.661089000
1710123535.165522000
1710123535.655352000
1710123536.163170000
1710123536.657517000
1710123537.163746000
1710123537.660796000
1710123538.160329000
1710123538.659613000
1710123539.159212000
1710123539.655682000
1710123540.156776000
1710123540.659763000
1710123541.158745000
1710123541.659896000
1710123542.155889000
1710123542.657468000
1710123543.160344000
1710123543.664634000
1710123544.161326000
1710123544.658690000
1710123545.162525000
1710123545.662084000
1710123546.163680000
1710123546.657213000
1710123547.158637000
1710123547.660468000
1710123548.155568000
1710123548.655909000
1710123549.155769000
1710123549.662431000
1710123550.158735000
1710123550.655372000
1710123551.162036000
1710123551.660757000
1710123552.154271000
1710123552.666169000
1710123553.162949000
1710123553.661149000
1710123554.162270000
1710123554.660307000
1710123555.162189000
1710123555.653370000
1710123556.164863000
1710123556.659400000
1710123557.165397000
1710123557.658764000
1710123558.159315000
1710123558.656258000
1710123559.161404000
1710123559.656873000
1710123560.156382000
1710123560.661861000
1710123561.160167000
1710123561.664566000
1710123562.165536000
1710123562.662716000
1710123563.159438000
1710123563.662993000
1710123564.162900000
1710123564.660551000
1710123565.164603000
1710123565.665549000
1710123566.165415000
1710123566.660779000
1710123567.159549000
1710123567.661868000
1710123568.151298000
1710123568.661510000
1710123569.161277000
1710123569.661201000
1710123570.157357000
1710123570.661504000
1710123571.159980000
1710123571.661861000
1710123572.159840000
1710123572.661428000
1710123573.165520000
1710123573.657018000
1710123574.158749000
1710123574.659703000
1710123575.164276000
1710123575.659556000
1710123576.159667000
1710123576.659648000
1710123577.161693000
1710123577.664064000
1710123578.159092000
1710123578.660738000
1710123579.163436000
1710123579.665061000
1710123580.157447000
1710123580.661885000
1710123581.155548000
1710123581.659486000
1710123582.158697000
1710123582.659843000
1710123583.161338000
1710123583.662003000
1710123584.156806000
1710123584.657230000
1710123585.151182000
1710123585.666128000
1710123586.161129000
1710123586.661114000
1710123587.163149000
1710123587.659053000
1710123588.152613000
1710123588.661585000
1710123589.161243000
1710123589.655419000
1710123590.159914000
1710123590.656097000
1710123591.166462000
1710123591.661671000
1710123592.156546000
1710123592.659112000
1710123593.160274000
1710123593.659386000
1710123594.162933000
1710123594.657818000
1710123595.155931000
1710123595.663262000
1710123596.157961000
1710123596.660109000
1710123597.161093000
1710123597.660870000
1710123598.160257000
1710123598.665460000
1710123599.163563000
1710123599.660541000
1710123600.161672000
1710123600.661901000
1710123601.156399000
1710123601.657629000
1710123602.166714000
1710123602.658730000
1710123603.159869000
1710123603.659499000
1710123604.160688000
1710123604.656858000
1710123605.158982000
1710123605.659499000
1710123606.158749000
1710123606.661144000
1710123607.158856000
1710123607.660482000
1710123608.165840000
1710123608.662298000
1710123609.168519000
1710123609.661409000
1710123610.158891000
1710123610.658370000
1710123611.162928000
1710123611.657653000
1710123612.163443000
1710123612.658544000
1710123613.161714000
1710123613.663589000
1710123614.160490000
1710123614.661936000
1710123615.162107000
1710123615.658394000
1710123616.153122000
1710123616.659822000
1710123617.161835000
1710123617.657938000
1710123618.164342000
1710123618.659134000
1710123619.162099000
1710123619.663519000
1710123620.160255000
1710123620.661189000
1710123621.159803000
1710123621.656256000
1710123622.156948000
1710123622.662454000
1710123623.159397000
1710123623.659999000
1710123624.161702000
1710123624.657053000
1710123625.162747000
1710123625.660228000
1710123626.158891000
1710123626.664259000
1710123627.156693000
1710123627.663317000
1710123628.159692000
1710123628.663695000
1710123629.156394000
1710123629.660767000
1710123630.159706000
1710123630.663413000
1710123631.163462000
1710123631.666537000
1710123632.161377000
1710123632.661217000
1710123633.168462000
1710123633.660072000
1710123634.162409000
1710123634.660149000
1710123635.159404000
1710123635.658652000
1710123636.162925000
1710123636.659296000
1710123637.159895000
1710123637.658762000
1710123638.161174000
1710123638.662219000
1710123639.159734000
1710123639.663630000
1710123640.161337000
1710123640.663067000
1710123641.162809000
1710123641.661036000
1710123642.161284000
1710123642.662790000
1710123643.159961000
1710123643.657847000
1710123644.159525000
1710123644.656313000
1710123645.157930000
1710123645.657136000
1710123646.159756000
1710123646.665730000
1710123647.160660000
1710123647.665307000
1710123648.156195000
1710123648.661835000
1710123649.155864000
1710123649.660428000
1710123650.161507000
1710123650.662312000
1710123651.162816000
1710123651.659064000
1710123652.159090000
1710123652.660846000
1710123653.160111000
1710123653.663363000
1710123654.160863000
1710123654.662356000
1710123655.163896000
1710123655.665859000
1710123656.160421000
1710123656.665322000
1710123657.160662000
1710123657.663564000
1710123658.156500000
1710123658.660604000
1710123659.161572000
1710123659.662570000
1710123660.160510000
1710123660.658335000
1710123661.160443000
1710123661.656980000
1710123662.156013000
1710123662.654985000
1710123663.160638000
1710123663.662167000
1710123664.159957000
1710123664.662030000
1710123665.163389000
1710123665.658849000
1710123666.157146000
1710123666.657126000
1710123667.158811000
1710123667.659367000
1710123668.166122000
1710123668.657682000
1710123669.160551000
1710123669.664911000
1710123670.165735000
1710123670.665506000
1710123671.162925000
1710123671.660476000
1710123672.159481000
1710123672.662501000
1710123673.154806000
1710123673.663235000
1710123674.162176000
1710123674.662397000
1710123675.163330000
1710123675.661212000
1710123676.158702000
1710123676.666784000
1710123677.160979000
1710123677.657175000
1710123678.165497000
1710123678.660346000
1710123679.155498000
1710123679.661817000
1710123680.161419000
1710123680.658863000
1710123681.161335000
1710123681.656368000
1710123682.157683000
1710123682.661579000
1710123683.159931000
1710123683.658990000
1710123684.163052000
1710123684.657858000
1710123685.159831000
1710123685.659698000
1710123686.165160000
1710123686.655291000
1710123687.169404000
1710123687.657928000
1710123688.158720000
1710123688.658076000
1710123689.159047000
1710123689.656362000
1710123690.164378000
1710123690.665288000
1710123691.163394000
1710123691.658013000
1710123692.159566000
1710123692.661673000
1710123693.160805000
1710123693.657686000
1710123694.154749000
1710123694.659166000
1710123695.159358000
1710123695.658050000
1710123696.159440000
1710123696.660269000
1710123697.158778000
1710123697.660717000
1710123698.164253000
1710123698.657774000
1710123699.160988000
1710123699.662529000
1710123700.159758000
1710123700.660000000
1710123701.159557000
1710123701.660491000
1710123702.158276000
1710123702.662928000
1710123703.158713000
1710123703.659405000
1710123704.162622000
1710123704.660346000
1710123705.166336000
1710123705.662077000
1710123706.160370000
1710123706.660616000
1710123707.154835000
1710123707.662454000
1710123708.164160000
1710123708.657478000
1710123709.159685000
1710123709.660040000
1710123710.163641000
1710123710.655884000
1710123711.164032000
1710123711.661917000
1710123712.160770000
1710123712.658320000
1710123713.161799000
1710123713.657245000
1710123714.159179000
1710123714.658115000
1710123715.163641000
1710123715.659101000
1710123716.155478000
1710123716.665038000
1710123717.150176000
1710123717.662790000
1710123718.161347000
1710123718.657881000
1710123719.164545000
1710123719.661427000
1710123720.159966000
1710123720.656404000
1710123721.161661000
1710123721.655961000
1710123722.162815000
1710123722.662306000
1710123723.155198000
1710123723.664668000
1710123724.162002000
1710123724.662170000
1710123725.161016000
1710123725.657816000
1710123726.160564000
1710123726.662853000
1710123727.162911000
1710123727.660723000
1710123728.161296000
1710123728.661897000
1710123729.155880000
1710123729.663630000
1710123730.158811000
1710123730.657351000
1710123731.158871000
1710123731.662670000
1710123732.159973000
1710123732.661632000
1710123733.161864000
1710123733.659981000
1710123734.158415000
1710123734.664092000
1710123735.162988000
1710123735.661287000
1710123736.160809000
1710123736.658390000
1710123737.160803000
1710123737.661937000
1710123738.161949000
1710123738.659659000
1710123739.158133000
1710123739.657831000
1710123740.159962000
1710123740.664158000
1710123741.159608000
1710123741.657532000
1710123742.164531000
1710123742.653745000
1710123743.159194000
1710123743.663599000
1710123744.160022000
1710123744.662376000
1710123745.163030000
1710123745.658642000
1710123746.163204000
1710123746.661055000
1710123747.159960000
1710123747.658598000
1710123748.165126000
1710123748.661627000
1710123749.165637000
1710123749.661502000
1710123750.163036000
1710123750.664037000
1710123751.162346000
1710123751.659296000
1710123752.166905000
1710123752.658982000
1710123753.162347000
1710123753.661967000
1710123754.159842000
1710123754.656769000
1710123755.162523000
1710123755.663740000
1710123756.161485000
1710123756.658733000
1710123757.158711000
1710123757.656034000
1710123758.158194000
1710123758.660704000
1710123759.163357000
1710123759.661834000
1710123760.160777000
1710123760.663033000
1710123761.155014000
1710123761.663193000
1710123762.160346000
1710123762.661716000
1710123763.166078000
1710123763.661667000
1710123764.164591000
1710123764.663584000
1710123765.168758000
1710123765.660774000
1710123766.164341000
1710123766.666482000
1710123767.158942000
1710123767.664958000
1710123768.162872000
1710123768.655054000
1710123769.161167000
1710123769.661768000
1710123770.165886000
1710123770.658590000
1710123771.161252000
1710123771.661457000
1710123772.159519000
1710123772.656922000
1710123773.162792000
1710123773.656387000
1710123774.158925000
1710123774.664486000
1710123775.162985000
1710123775.660703000
1710123776.160031000
1710123776.663327000
1710123777.163606000
1710123777.654634000
1710123778.159617000
1710123778.660935000
1710123779.160571000
1710123779.664783000
1710123780.164135000
1710123780.658859000
1710123781.160068000
1710123781.663306000
1710123782.160448000
1710123782.664104000
1710123783.158858000
1710123783.657884000
1710123784.164661000
1710123784.655692000
1710123785.164227000
1710123785.664123000
1710123786.159479000
1710123786.663785000
1710123787.158343000
1710123787.655711000
1710123788.157624000
1710123788.664840000
1710123789.160696000
1710123789.662691000
1710123790.161742000
1710123790.666591000
1710123791.162310000
1710123791.658686000
1710123792.163754000
1710123792.662773000
1710123793.159768000
1710123793.656836000
1710123794.159106000
1710123794.659071000
1710123795.162608000
1710123795.654144000
1710123796.156621000
1710123796.661533000
1710123797.158592000
1710123797.657556000
1710123798.158572000
1710123798.662771000
1710123799.164244000
1710123799.658810000
1710123800.161752000
1710123800.659916000
1710123801.159813000
1710123801.659085000
1710123802.157949000
1710123802.659403000
1710123803.166318000
1710123803.661363000
1710123804.161402000
1710123804.661402000
1710123805.156106000
1710123805.654598000
1710123806.165242000
1710123806.655853000
1710123807.153279000
1710123807.657043000
1710123808.160987000
1710123808.654733000
1710123809.165183000
1710123809.657592000
1710123810.161073000
1710123810.659656000
1710123811.162393000
1710123811.662676000
1710123812.161773000
1710123812.664681000
1710123813.162775000
1710123813.660720000
1710123814.154561000
1710123814.664442000
1710123815.160355000
1710123815.662681000
1710123816.159579000
1710123816.663546000
1710123817.156787000
1710123817.660036000
1710123818.154304000
1710123818.659639000
1710123819.165046000
1710123819.656992000
1710123820.161032000
1710123820.657198000
1710123821.155125000
1710123821.657906000
1710123822.161670000
1710123822.655397000
1710123823.165972000
1710123823.663115000
1710123824.158008000
1710123824.659350000
1710123825.158161000
1710123825.663120000
1710123826.164628000
1710123826.658780000
1710123827.161893000
1710123827.656455000
1710123828.160068000
1710123828.660502000
1710123829.166119000
1710123829.657409000
1710123830.158194000
1710123830.658872000
1710123831.163829000
1710123831.659692000
1710123832.161982000
1710123832.660738000
1710123833.162539000
1710123833.659858000
1710123834.161950000
1710123834.661956000
1710123835.158876000
1710123835.659956000
1710123836.161174000
1710123836.658204000
1710123837.161133000
1710123837.664848000
1710123838.159193000
1710123838.661716000
1710123839.161855000
1710123839.657678000
1710123840.158419000
1710123840.663797000
1710123841.165125000
1710123841.662658000
1710123842.164943000
1710123842.663473000
1710123843.162291000
1710123843.663449000
1710123844.164806000
1710123844.659832000
1710123845.162940000
1710123845.664197000
1710123846.156676000
1710123846.659546000
1710123847.161846000
1710123847.659768000
1710123848.160434000
1710123848.662962000
1710123849.157144000
1710123849.662031000
1710123850.164092000
1710123850.657884000
1710123851.162488000
1710123851.660287000
1710123852.160308000
1710123852.662057000
1710123853.168096000
1710123853.657417000
1710123854.155965000
1710123854.659699000
1710123855.164841000
1710123855.663124000
1710123856.156630000
1710123856.657047000
1710123857.163775000
1710123857.664927000
1710123858.164100000
1710123858.659069000
1710123859.159369000
1710123859.660260000
1710123860.157613000
1710123860.656582000
1710123861.160025000
1710123861.663190000
1710123862.161742000
1710123862.656477000
1710123863.157665000
1710123863.657761000
1710123864.154011000
1710123864.661876000
1710123865.161790000
1710123865.656954000
1710123866.164201000
1710123866.659027000
1710123867.161217000
1710123867.659670000
1710123868.158717000
1710123868.660896000
1710123869.159017000
1710123869.663580000
1710123870.163574000
1710123870.655040000
1710123871.161286000
1710123871.662794000
1710123872.162662000
1710123872.658815000
1710123873.161834000
1710123873.662495000
1710123874.158449000
1710123874.661284000
1710123875.159875000
1710123875.666328000
1710123876.161838000
1710123876.656296000
1710123877.160127000
1710123877.664238000
1710123878.153979000
1710123878.663586000
1710123879.158201000
1710123879.661286000
1710123880.165026000
1710123880.660369000
1710123881.156966000
1710123881.662841000
1710123882.163232000
1710123882.660038000
1710123883.166502000
1710123883.665115000
1710123884.161378000
1710123884.661369000
1710123885.157748000
1710123885.659990000
1710123886.158308000
1710123886.659921000
1710123887.164484000
1710123887.662123000
1710123888.158540000
1710123888.661519000
1710123889.161288000
1710123889.657089000
1710123890.163104000
1710123890.663761000
1710123891.162809000
1710123891.668628000
1710123892.163508000
1710123892.664828000
1710123893.162086000
1710123893.661530000
1710123894.161497000
1710123894.663176000
1710123895.161532000
1710123895.660904000
1710123896.155478000
1710123896.657247000
1710123897.163785000
1710123897.662857000
1710123898.161338000
1710123898.660251000
1710123899.162194000
1710123899.660570000
1710123900.158756000
1710123900.661705000
1710123901.166730000
1710123901.662039000
1710123902.161527000
1710123902.662305000
1710123903.160787000
1710123903.664452000
1710123904.167885000
1710123904.660280000
1710123905.154621000
1710123905.661033000
1710123906.158663000
1710123906.661335000
1710123907.161887000
1710123907.656623000
1710123908.162785000
1710123908.657197000
1710123909.161307000
1710123909.658947000
1710123910.163689000
1710123910.658056000
1710123911.160496000
1710123911.661714000
1710123912.158138000
1710123912.663634000
1710123913.162977000
1710123913.663058000
1710123914.159683000
1710123914.659098000
1710123915.161995000
1710123915.661695000
1710123916.161252000
1710123916.662408000
1710123917.160558000
1710123917.662179000
1710123918.163833000
1710123918.662634000
1710123919.159448000
1710123919.659054000
1710123920.157380000
1710123920.660792000
1710123921.158027000
1710123921.659871000
1710123922.161730000
1710123922.663692000
1710123923.159311000
1710123923.662599000
1710123924.158529000
1710123924.663031000
1710123925.161368000
1710123925.661645000
1710123926.161302000
1710123926.655991000
1710123927.160034000
1710123927.660274000
1710123928.156029000
1710123928.661186000
1710123929.158509000
1710123929.661419000
1710123930.163347000
1710123930.655618000
1710123931.163375000
1710123931.658519000
1710123932.164077000
1710123932.661173000
1710123933.157756000
1710123933.657815000
1710123934.159200000
1710123934.665596000
1710123935.159671000
1710123935.660731000
1710123936.163582000
1710123936.665610000
1710123937.160069000
1710123937.658479000
1710123938.155796000
1710123938.660753000
1710123939.171145000
1710123939.661570000
1710123940.161384000
1710123940.659558000
1710123941.158594000
1710123941.660316000
1710123942.160458000
1710123942.660737000
1710123943.166046000
1710123943.657944000
1710123944.155143000
1710123944.659440000
1710123945.165759000
1710123945.660135000
1710123946.163771000
1710123946.663183000
1710123947.162426000
1710123947.655314000
1710123948.157920000
1710123948.662666000
1710123949.161381000
1710123949.659955000
1710123950.160370000
1710123950.658079000
1710123951.154607000
1710123951.657731000
1710123952.166311000
1710123952.658072000
1710123953.159693000
1710123953.664076000
1710123954.159156000
1710123954.662870000
1710123955.162832000
1710123955.662775000
1710123956.162849000
1710123956.665142000
1710123957.160489000
1710123957.661848000
1710123958.156845000
1710123958.661595000
1710123959.163839000
1710123959.658613000
1710123960.157850000
1710123960.661824000
1710123961.155176000
1710123961.658614000
1710123962.162320000
1710123962.660145000
1710123963.160530000
1710123963.656731000
1710123964.158316000
1710123964.661398000
1710123965.161911000
1710123965.660791000
1710123966.158135000
1710123966.660501000
1710123967.160428000
1710123967.657309000
1710123968.161189000
1710123968.663187000
1710123969.163841000
1710123969.659153000
1710123970.160535000
1710123970.657606000
1710123971.159234000
1710123971.659364000
1710123972.157520000
1710123972.664200000
1710123973.163989000
1710123973.661510000
1710123974.159567000
1710123974.658749000
1710123975.164250000
1710123975.661161000
1710123976.164551000
1710123976.656820000
1710123977.157896000
1710123977.664397000
1710123978.164710000
1710123978.660396000
1710123979.162230000
1710123979.662445000
1710123980.159528000
1710123980.669117000
1710123981.162611000
1710123981.663159000
1710123982.157469000
1710123982.657034000
1710123983.157373000
1710123983.660973000
1710123984.159832000
1710123984.662199000
1710123985.162499000
1710123985.657644000
1710123986.162884000
1710123986.663694000
1710123987.164198000
1710123987.656095000
1710123988.156367000
1710123988.655988000
1710123989.164107000
1710123989.661612000
1710123990.158715000
1710123990.659031000
1710123991.158735000
1710123991.660252000
1710123992.159389000
1710123992.665428000
1710123993.162865000
1710123993.657812000
1710123994.164979000
1710123994.661082000
1710123995.160970000
1710123995.661589000
1710123996.163926000
1710123996.659870000
1710123997.161087000
1710123997.659517000
1710123998.158434000
1710123998.663828000
1710123999.157456000
1710123999.665808000
1710124000.162118000
1710124000.660659000
1710124001.160765000
1710124001.661690000
1710124002.163777000
1710124002.659935000
1710124003.161117000
1710124003.657720000
1710124004.155923000
1710124004.658489000
1710124005.156950000
1710124005.658105000
1710124006.156648000
1710124006.666377000
1710124007.162465000
1710124007.661358000
1710124008.160762000
1710124008.663308000
1710124009.160628000
1710124009.663926000
1710124010.156542000
1710124010.654639000
1710124011.158941000
1710124011.662051000
1710124012.161567000
1710124012.660544000
1710124013.162044000
1710124013.661211000
1710124014.162736000
1710124014.659847000
1710124015.157654000
1710124015.660509000
1710124016.159833000
1710124016.663193000
1710124017.158215000
1710124017.658958000
1710124018.162528000
1710124018.659160000
1710124019.159919000
1710124019.657072000
1710124020.159406000
1710124020.658972000
1710124021.155233000
1710124021.657288000
1710124022.158828000
1710124022.659951000
1710124023.161546000
1710124023.661563000
1710124024.154646000
1710124024.656935000
1710124025.160422000
1710124025.660804000
1710124026.161015000
1710124026.658453000
1710124027.161924000
1710124027.658073000
1710124028.165546000
1710124028.663786000
1710124029.162786000
1710124029.658599000
1710124030.160714000
1710124030.660506000
1710124031.156856000
1710124031.665283000
1710124032.155778000
1710124032.662533000
1710124033.165308000
1710124033.659957000
1710124034.161589000
1710124034.659241000
1710124035.163085000
1710124035.660173000
1710124036.161544000
1710124036.660260000
1710124037.164099000
1710124037.658739000
1710124038.158177000
1710124038.651698000
1710124039.162547000
1710124039.658177000
1710124040.159960000
1710124040.657181000
1710124041.158015000
1710124041.659685000
1710124042.160071000
1710124042.657552000
1710124043.157794000
1710124043.663880000
1710124044.164708000
1710124044.661252000
1710124045.163676000
1710124045.663359000
1710124046.158774000
1710124046.664476000
1710124047.162123000
1710124047.659001000
1710124048.155990000
1710124048.658512000
1710124049.158761000
1710124049.659764000
1710124050.163261000
1710124050.658722000
1710124051.160959000
1710124051.658882000
1710124052.157619000
1710124052.666878000
1710124053.166480000
1710124053.663768000
1710124054.167657000
1710124054.662868000
1710124055.160969000
1710124055.661834000
1710124056.159825000
1710124056.658001000
1710124057.163039000
1710124057.665143000
1710124058.156018000
1710124058.661950000
1710124059.167083000
1710124059.663556000
1710124060.161573000
1710124060.661195000
1710124061.163585000
1710124061.657748000
1710124062.160767000
1710124062.656596000
1710124063.159801000
1710124063.661684000
1710124064.157989000
1710124064.660167000
1710124065.161472000
1710124065.663582000
1710124066.158925000
1710124066.660258000
1710124067.151968000
1710124067.666627000
1710124068.159089000
1710124068.664879000
1710124069.159987000
1710124069.662410000
1710124070.161921000
1710124070.660007000
1710124071.160623000
1710124071.659241000
1710124072.162801000
1710124072.662189000
1710124073.158431000
1710124073.660358000
1710124074.161987000
1710124074.655455000
1710124075.156462000
1710124075.659666000
1710124076.156821000
1710124076.663337000
1710124077.159083000
1710124077.661131000
1710124078.167238000
1710124078.655027000
1710124079.159498000
1710124079.663408000
1710124080.158518000
1710124080.664231000
1710124081.161934000
1710124081.662115000
1710124082.162746000
1710124082.654082000
1710124083.158436000
1710124083.662423000
1710124084.157845000
1710124084.659395000
1710124085.162406000
1710124085.657502000
1710124086.157415000
1710124086.658482000
1710124087.159691000
1710124087.660147000
1710124088.164282000
1710124088.651794000
1710124089.157759000
1710124089.662934000
1710124090.156035000
1710124090.655921000
1710124091.157512000
1710124091.664775000
1710124092.157878000
1710124092.663906000
1710124093.160870000
1710124093.659698000
1710124094.156761000
1710124094.662010000
1710124095.163187000
1710124095.662041000
1710124096.163413000
1710124096.665702000
1710124097.157704000
1710124097.663526000
1710124098.157626000
1710124098.658975000
1710124099.160910000
1710124099.658728000
1710124100.162604000
1710124100.663124000
1710124101.160051000
1710124101.666530000
1710124102.160630000
1710124102.663953000
1710124103.158662000
1710124103.659008000
1710124104.154982000
1710124104.661851000
1710124105.161064000
1710124105.665031000
1710124106.161068000
1710124106.655878000
1710124107.161786000
1710124107.661675000
1710124108.160186000
1710124108.660506000
1710124109.158891000
1710124109.663048000
1710124110.161068000
1710124110.660997000
1710124111.155330000
1710124111.658541000
1710124112.161863000
1710124112.656599000
1710124113.162555000
1710124113.660571000
1710124114.162788000
1710124114.661293000
1710124115.163120000
1710124115.664084000
1710124116.163096000
1710124116.656044000
1710124117.159650000
1710124117.657514000
1710124118.155775000
1710124118.658361000
1710124119.159095000
1710124119.661078000
1710124120.160117000
1710124120.658393000
1710124121.159376000
1710124121.658169000
1710124122.155588000
1710124122.659033000
1710124123.157123000
1710124123.661089000
1710124124.160170000
1710124124.659710000
1710124125.162767000
1710124125.658112000
1710124126.157698000
1710124126.660998000
1710124127.161037000
1710124127.663207000
1710124128.158051000
1710124128.661697000
1710124129.157024000
1710124129.663050000
1710124130.160719000
1710124130.661603000
1710124131.164066000
1710124131.662646000
1710124132.161801000
1710124132.659637000
1710124133.160197000
1710124133.659029000
1710124134.159008000
1710124134.661568000
1710124135.160104000
1710124135.661123000
1710124136.158425000
1710124136.660927000
1710124137.161275000
1710124137.664670000
1710124138.165468000
1710124138.657885000
1710124139.159992000
1710124139.655430000
1710124140.159360000
1710124140.662887000
1710124141.155543000
1710124141.659513000
1710124142.160856000
1710124142.658034000
1710124143.160578000
1710124143.657115000
1710124144.156878000
1710124144.664407000
1710124145.161480000
1710124145.659969000
1710124146.156753000
1710124146.659390000
1710124147.162525000
1710124147.660777000
1710124148.160855000
1710124148.658716000
1710124149.163090000
1710124149.664665000
1710124150.161726000
1710124150.656660000
1710124151.158398000
1710124151.659863000
1710124152.160676000
1710124152.665753000
1710124153.156817000
1710124153.662192000
1710124154.160026000
1710124154.659950000
1710124155.160400000
1710124155.660880000
1710124156.165176000
1710124156.658362000
1710124157.159653000
1710124157.652636000
1710124158.162642000
1710124158.662239000
1710124159.156140000
1710124159.664749000
1710124160.168103000
1710124160.666202000
1710124161.162403000
1710124161.658567000
1710124162.156245000
1710124162.663109000
1710124163.168762000
1710124163.658608000
1710124164.161352000
1710124164.660856000
1710124165.162152000
1710124165.665252000
1710124166.164151000
1710124166.658149000
1710124167.161435000
1710124167.656812000
1710124168.157070000
1710124168.653840000
1710124169.154215000
1710124169.656945000
1710124170.158830000
1710124170.658837000
1710124171.160223000
1710124171.662490000
1710124172.154961000
1710124172.661001000
1710124173.161020000
1710124173.665478000
1710124174.160524000
1710124174.661727000
1710124175.156742000
1710124175.665037000
1710124176.156996000
1710124176.663121000
1710124177.157057000
1710124177.663003000
1710124178.163786000
1710124178.665307000
1710124179.161339000
1710124179.659343000
1710124180.157046000
1710124180.665197000
1710124181.162478000
1710124181.663440000
1710124182.162542000
1710124182.656333000
1710124183.160606000
1710124183.662249000
1710124184.164836000
1710124184.657342000
1710124185.157893000
1710124185.660974000
1710124186.163294000
1710124186.661513000
1710124187.163723000
1710124187.662867000
1710124188.160766000
1710124188.660912000
1710124189.164145000
1710124189.661473000
1710124190.162190000
1710124190.657144000
1710124191.154936000
1710124191.661301000
1710124192.158083000
1710124192.662538000
1710124193.159677000
1710124193.660689000
1710124194.157733000
1710124194.657779000
1710124195.160686000
1710124195.662359000
1710124196.161617000
1710124196.664118000
1710124197.162544000
1710124197.660000000
1710124198.163209000
1710124198.664473000
1710124199.159894000
1710124199.660043000
1710124200.165147000
1710124200.663070000
1710124201.159003000
1710124201.662362000
1710124202.160429000
1710124202.657072000
1710124203.162138000
1710124203.661613000
1710124204.154971000
1710124204.662297000
1710124205.158970000
1710124205.660537000
1710124206.163210000
1710124206.656739000
1710124207.157071000
1710124207.666305000
1710124208.160671000
1710124208.658251000
1710124209.157831000
1710124209.660196000
1710124210.164718000
1710124210.658022000
1710124211.161140000
1710124211.659866000
1710124212.162998000
1710124212.659984000
1710124213.160542000
1710124213.661583000
1710124214.157309000
1710124214.660717000
1710124215.156500000
1710124215.662148000
1710124216.159189000
1710124216.658908000
1710124217.161744000
1710124217.660492000
1710124218.157095000
1710124218.663430000
1710124219.160606000
1710124219.659510000
1710124220.162357000
1710124220.665069000
1710124221.157764000
1710124221.666175000
1710124222.161387000
1710124222.656178000
1710124223.161199000
1710124223.655720000
1710124224.164039000
1710124224.655723000
1710124225.157778000
1710124225.656481000
1710124226.162636000
1710124226.659976000
1710124227.164336000
1710124227.666194000
1710124228.166007000
1710124228.661387000
1710124229.162298000
1710124229.659040000
1710124230.160120000
1710124230.656754000
1710124231.158743000
1710124231.658983000
1710124232.163005000
1710124232.663715000
1710124233.157901000
1710124233.656209000
1710124234.167542000
1710124234.655934000
1710124235.159952000
1710124235.657455000
1710124236.158558000
1710124236.665920000
1710124237.166122000
1710124237.657020000
1710124238.158319000
1710124238.656991000
1710124239.156952000
1710124239.660070000
1710124240.161457000
1710124240.664058000
1710124241.163498000
1710124241.662457000
1710124242.165399000
1710124242.656462000
1710124243.159694000
1710124243.661944000
1710124244.162210000
1710124244.658815000
1710124245.164878000
1710124245.659772000
1710124246.158371000
1710124246.657203000
1710124247.159179000
1710124247.660912000
1710124248.166546000
1710124248.658089000
1710124249.159651000
1710124249.660291000
1710124250.164890000
1710124250.662001000
1710124251.155800000
1710124251.657995000
1710124252.158834000
1710124252.664038000
1710124253.157229000
1710124253.660227000
1710124254.155224000
1710124254.660846000
1710124255.164861000
1710124255.654592000
1710124256.160742000
1710124256.661158000
1710124257.163809000
1710124257.658204000
1710124258.158546000
1710124258.660347000
1710124259.165311000
1710124259.659851000
1710124260.162628000
1710124260.666948000
1710124261.167460000
1710124261.667662000
1710124262.152419000
1710124262.660339000
1710124263.160093000
1710124263.666117000
1710124264.160106000
1710124264.665774000
1710124265.159745000
1710124265.659776000
1710124266.160892000
1710124266.659163000
1710124267.164319000
1710124267.662308000
1710124268.160556000
1710124268.657184000
1710124269.158924000
1710124269.662547000
1710124270.163678000
1710124270.660702000
1710124271.157378000
1710124271.659540000
1710124272.161330000
1710124272.658149000
1710124273.157680000
1710124273.655144000
1710124274.162974000
1710124274.654561000
1710124275.161664000
1710124275.663960000
1710124276.164518000
1710124276.664762000
1710124277.156925000
1710124277.660494000
1710124278.163545000
1710124278.656756000
1710124279.161599000
1710124279.662307000
1710124280.163704000
1710124280.662333000
1710124281.153620000
1710124281.656641000
1710124282.158936000
1710124282.660191000
1710124283.157720000
1710124283.656356000
1710124284.159598000
1710124284.659502000
1710124285.165360000
1710124285.659141000
1710124286.161156000
1710124286.660422000
1710124287.164208000
1710124287.662134000
1710124288.156229000
1710124288.661516000
1710124289.160624000
1710124289.662781000
1710124290.163074000
1710124290.662488000
1710124291.160781000
1710124291.663913000
1710124292.160961000
1710124292.658369000
1710124293.165408000
1710124293.659670000
1710124294.165644000
1710124294.660092000
1710124295.162203000
1710124295.657310000
1710124296.162516000
1710124296.663725000
1710124297.156549000
1710124297.655472000
1710124298.166421000
1710124298.665004000
1710124299.159734000
1710124299.663203000
1710124300.158408000
1710124300.660427000
1710124301.163741000
1710124301.661215000
1710124302.158729000
1710124302.662916000
1710124303.164593000
1710124303.658786000
1710124304.159357000
1710124304.663221000
1710124305.158683000
1710124305.660058000
1710124306.162824000
1710124306.656039000
1710124307.160558000
1710124307.661603000
1710124308.162021000
1710124308.659812000
1710124309.159680000
1710124309.662283000
1710124310.154759000
1710124310.661664000
1710124311.168973000
1710124311.659161000
1710124312.159601000
1710124312.657443000
1710124313.159914000
1710124313.661671000
1710124314.160273000
1710124314.667744000
1710124315.161315000
1710124315.662669000
1710124316.163149000
1710124316.661184000
1710124317.160557000
1710124317.661005000
1710124318.162570000
1710124318.663885000
1710124319.163502000
1710124319.664455000
1710124320.161378000
1710124320.664082000
1710124321.159342000
1710124321.660738000
1710124322.160961000
1710124322.660000000
1710124323.159978000
1710124323.659047000
1710124324.156272000
1710124324.661317000
1710124325.160979000
1710124325.663886000
1710124326.162838000
1710124326.657921000
1710124327.157705000
1710124327.654405000
1710124328.160478000
1710124328.663459000
1710124329.160571000
1710124329.664012000
1710124330.164793000
1710124330.663010000
1710124331.158196000
1710124331.659635000
1710124332.162409000
1710124332.656080000
1710124333.156573000
1710124333.659411000
1710124334.155932000
1710124334.663455000
1710124335.160270000
1710124335.659531000
1710124336.163190000
1710124336.666031000
1710124337.164054000
1710124337.657807000
1710124338.159215000
1710124338.659018000
1710124339.163282000
1710124339.659712000
1710124340.160144000
1710124340.660977000
1710124341.155688000
1710124341.660170000
1710124342.162374000
1710124342.658914000
1710124343.160240000
1710124343.659062000
1710124344.161137000
1710124344.655443000
1710124345.159051000
1710124345.659954000
1710124346.163101000
1710124346.658930000
1710124347.158999000
1710124347.659278000
1710124348.159769000
1710124348.663719000
1710124349.157921000
1710124349.658234000
1710124350.156527000
1710124350.664918000
1710124351.160300000
1710124351.659276000
1710124352.159337000
1710124352.663245000
1710124353.160174000
1710124353.660380000
1710124354.161305000
1710124354.663536000
1710124355.157826000
1710124355.658549000
1710124356.160597000
1710124356.662049000
1710124357.157692000
1710124357.660951000
1710124358.165397000
1710124358.658635000
1710124359.160208000
1710124359.660429000
1710124360.160385000
1710124360.660602000
1710124361.164477000
1710124361.654966000
1710124362.157341000
1710124362.665132000
1710124363.159410000
1710124363.661023000
1710124364.160714000
1710124364.656973000
1710124365.163083000
1710124365.657366000
1710124366.159138000
1710124366.660162000
1710124367.166406000
1710124367.666310000
1710124368.163263000
1710124368.657588000
1710124369.161997000
1710124369.655367000
1710124370.154517000
1710124370.661804000
1710124371.162981000
1710124371.660385000
1710124372.165383000
1710124372.660258000
1710124373.163691000
1710124373.661377000
1710124374.162617000
1710124374.662397000
1710124375.162365000
1710124375.655689000
1710124376.153725000
1710124376.659503000
1710124377.159016000
1710124377.655259000
1710124378.157705000
1710124378.654379000
1710124379.160560000
1710124379.659651000
1710124380.164091000
1710124380.658042000
1710124381.162466000
1710124381.666417000
1710124382.157993000
1710124382.661233000
1710124383.157129000
1710124383.659205000
1710124384.158782000
1710124384.658881000
1710124385.156131000
1710124385.657517000
1710124386.162133000
1710124386.657244000
1710124387.160670000
1710124387.659111000
1710124388.160203000
1710124388.659045000
1710124389.159580000
1710124389.662485000
1710124390.159641000
1710124390.661770000
1710124391.160129000
1710124391.659842000
1710124392.160253000
1710124392.659369000
1710124393.162422000
1710124393.659517000
1710124394.164691000
1710124394.659062000
1710124395.161726000
1710124395.663245000
1710124396.161271000
1710124396.663809000
1710124397.163104000
1710124397.656838000
1710124398.153690000
1710124398.664008000
1710124399.161691000
1710124399.664600000
1710124400.154294000
1710124400.663454000
1710124401.156381000
1710124401.655012000
1710124402.162222000
1710124402.660751000
1710124403.162386000
1710124403.662138000
1710124404.158273000
1710124404.652838000
1710124405.159660000
1710124405.662086000
1710124406.155679000
1710124406.664500000
1710124407.161035000
1710124407.659683000
1710124408.159953000
1710124408.656726000
1710124409.160682000
1710124409.661399000
1710124410.161255000
1710124410.664749000
1710124411.164237000
1710124411.653136000
1710124412.155636000
1710124412.658723000
1710124413.161088000
1710124413.660430000
1710124414.160015000
1710124414.662151000
1710124415.160047000
1710124415.660602000
1710124416.166017000
1710124416.660780000
1710124417.156842000
1710124417.659520000
1710124418.158051000
1710124418.655682000
1710124419.158466000
1710124419.661367000
1710124420.164850000
1710124420.660954000
1710124421.164548000
1710124421.662493000
1710124422.155766000
1710124422.663741000
1710124423.157135000
1710124423.655085000
1710124424.159716000
1710124424.660229000
1710124425.161769000
1710124425.657589000
1710124426.164677000
1710124426.659443000
1710124427.161597000
1710124427.662297000
1710124428.161581000
1710124428.663035000
1710124429.163211000
1710124429.662271000
1710124430.162054000
1710124430.655645000
1710124431.163215000
1710124431.658394000
1710124432.161371000
1710124432.664033000
1710124433.164536000
1710124433.663395000
1710124434.154566000
1710124434.660404000
1710124435.155456000
1710124435.665721000
1710124436.164434000
1710124436.664832000
1710124437.163094000
1710124437.655559000
1710124438.161932000
1710124438.658699000
1710124439.162927000
1710124439.657393000
1710124440.160698000
1710124440.662457000
1710124441.163158000
1710124441.661884000
1710124442.160721000
1710124442.661413000
1710124443.165072000
1710124443.656620000
1710124444.158099000
1710124444.661583000
1710124445.160759000
1710124445.660071000
1710124446.161649000
1710124446.660144000
1710124447.162274000
1710124447.662708000
1710124448.163499000
1710124448.657336000
1710124449.160574000
1710124449.657071000
1710124450.153462000
1710124450.662431000
1710124451.155818000
1710124451.659763000
1710124452.161127000
1710124452.659818000
1710124453.160746000
1710124453.657434000
1710124454.162934000
1710124454.654992000
1710124455.167090000
1710124455.660708000
1710124456.157408000
1710124456.665854000
1710124457.155639000
1710124457.663151000
1710124458.162470000
1710124458.663161000
1710124459.161081000
1710124459.661937000
1710124460.162413000
1710124460.659499000
1710124461.162065000
1710124461.658393000
1710124462.158746000
1710124462.665744000
1710124463.160321000
1710124463.662062000
1710124464.162541000
1710124464.659902000
1710124465.162453000
1710124465.658525000
1710124466.158655000
1710124466.660877000
1710124467.159446000
1710124467.666069000
1710124468.165764000
1710124468.657574000
1710124469.158528000
1710124469.664986000
1710124470.159816000
1710124470.662987000
1710124471.162389000
1710124471.662879000
1710124472.153675000
1710124472.657890000
1710124473.159398000
1710124473.660419000
1710124474.159956000
1710124474.660792000
1710124475.161672000
1710124475.664127000
1710124476.167607000
1710124476.663635000
1710124477.159244000
1710124477.658821000
1710124478.164627000
1710124478.659650000
1710124479.164907000
1710124479.657389000
1710124480.159515000
1710124480.654936000
1710124481.154536000
1710124481.658610000
1710124482.156098000
1710124482.659264000
1710124483.157760000
1710124483.660105000
1710124484.161482000
1710124484.662863000
1710124485.160102000
1710124485.665023000
1710124486.163881000
1710124486.662116000
1710124487.161605000
1710124487.659826000
1710124488.160729000
1710124488.659419000
1710124489.160980000
1710124489.663032000
1710124490.157188000
1710124490.656903000
1710124491.158367000
1710124491.657936000
1710124492.159513000
1710124492.662874000
1710124493.156757000
1710124493.652342000
1710124494.159334000
1710124494.665000000
1710124495.162643000
1710124495.660641000
1710124496.162611000
1710124496.668641000
1710124497.157863000
1710124497.661674000
1710124498.163780000
1710124498.658759000
1710124499.162164000
1710124499.653194000
1710124500.160447000
1710124500.662797000
1710124501.161467000
1710124501.658911000
1710124502.158290000
1710124502.660209000
1710124503.158200000
1710124503.661540000
1710124504.158908000
1710124504.660342000
1710124505.154731000
1710124505.656869000
1710124506.156738000
1710124506.658705000
1710124507.160697000
1710124507.661038000
1710124508.159457000
1710124508.668906000
1710124509.159487000
1710124509.657194000
1710124510.161731000
1710124510.658316000
1710124511.164303000
1710124511.659537000
1710124512.154073000
1710124512.659717000
1710124513.158356000
1710124513.655093000
1710124514.163955000
1710124514.663825000
1710124515.154047000
1710124515.657959000
1710124516.158886000
1710124516.660373000
1710124517.153208000
1710124517.658939000
1710124518.161372000
1710124518.658447000
1710124519.157920000
1710124519.659461000
1710124520.159686000
1710124520.662433000
1710124521.162227000
1710124521.658885000
1710124522.156860000
1710124522.662565000
1710124523.160244000
1710124523.658082000
1710124524.155736000
1710124524.658452000
1710124525.163850000
1710124525.652726000
1710124526.160447000
1710124526.660270000
1710124527.160907000
1710124527.665514000
1710124528.156907000
1710124528.663296000
1710124529.162111000
1710124529.661643000
1710124530.162040000
1710124530.662891000
1710124531.162711000
1710124531.662416000
1710124532.159208000
1710124532.659989000
1710124533.162022000
1710124533.662262000
1710124534.161388000
1710124534.659760000
1710124535.158304000
1710124535.663518000
1710124536.161543000
1710124536.659774000
1710124537.157483000
1710124537.666406000
1710124538.157062000
1710124538.671943000
1710124539.156351000
1710124539.656179000
1710124540.164795000
1710124540.659999000
1710124541.156136000
1710124541.662187000
1710124542.156856000
1710124542.661438000
1710124543.159239000
1710124543.665565000
1710124544.161885000
1710124544.662951000
1710124545.158790000
1710124545.662685000
1710124546.159431000
1710124546.661755000
1710124547.157914000
1710124547.659594000
1710124548.163107000
1710124548.657923000
1710124549.157374000
1710124549.662537000
1710124550.165948000
1710124550.657010000
1710124551.159132000
1710124551.662756000
1710124552.158875000
1710124552.665641000
1710124553.161098000
1710124553.660229000
1710124554.163980000
1710124554.659781000
1710124555.159013000
1710124555.661283000
1710124556.154479000
1710124556.659797000
1710124557.158276000
1710124557.657027000
1710124558.158313000
1710124558.654150000
1710124559.157847000
1710124559.663849000
1710124560.162041000
1710124560.661313000
1710124561.166109000
1710124561.662445000
1710124562.166902000
1710124562.659661000
1710124563.161816000
1710124563.658555000
1710124564.156929000
1710124564.657925000
1710124565.151733000
1710124565.657835000
1710124566.159490000
1710124566.658191000
1710124567.165509000
1710124567.661703000
1710124568.157099000
1710124568.662844000
1710124569.156229000
1710124569.657408000
1710124570.160933000
1710124570.661438000
1710124571.156650000
1710124571.659765000
1710124572.164262000
1710124572.660465000
1710124573.162669000
1710124573.660473000
1710124574.165964000
1710124574.654574000
1710124575.162920000
1710124575.658771000
1710124576.164326000
1710124576.668324000
1710124577.163630000
1710124577.660152000
1710124578.158302000
1710124578.661800000
1710124579.160368000
1710124579.657187000
1710124580.157648000
1710124580.661018000
1710124581.164260000
1710124581.666127000
1710124582.162344000
1710124582.662448000
1710124583.160111000
1710124583.662887000
1710124584.164187000
1710124584.657135000
1710124585.158356000
1710124585.661055000
1710124586.161040000
1710124586.664944000
1710124587.154930000
1710124587.663845000
1710124588.157900000
1710124588.663859000
1710124589.167279000
1710124589.659815000
1710124590.157297000
1710124590.662946000
1710124591.153993000
1710124591.656728000
1710124592.162315000
1710124592.651880000
1710124593.159383000
1710124593.660118000
1710124594.162434000
1710124594.660040000
1710124595.163422000
1710124595.661773000
1710124596.161489000
1710124596.660187000
1710124597.161960000
1710124597.657375000
1710124598.162953000
1710124598.660722000
1710124599.160796000
1710124599.662767000
1710124600.161920000
1710124600.663980000
1710124601.155787000
1710124601.661701000
1710124602.160514000
1710124602.679622000
1710124603.214375000
1710124603.672062000
1710124604.214556000
1710124604.686497000
1710124605.222838000
1710124605.675475000
1710124606.174674000
1710124606.681191000
1710124607.219702000
1710124607.682207000
1710124608.221429000
1710124608.682586000
1710124609.185441000
1710124609.719499000
1710124610.182990000
1710124610.687564000
1710124611.220229000
1710124611.682319000
1710124612.223508000
1710124612.683470000
1710124613.179279000
1710124613.673684000
1710124614.173355000
1710124614.682927000
1710124615.179646000
1710124615.717973000
1710124616.221562000
1710124616.682965000
1710124617.185089000
1710124617.683681000
1710124618.216402000
1710124618.692398000
1710124619.190186000
1710124619.669343000
1710124620.186307000
1710124620.677804000
1710124621.179763000
1710124621.680857000
1710124622.221357000
1710124622.682553000
1710124623.181683000
1710124623.675136000
1710124624.187846000
1710124624.683367000
1710124625.175003000
1710124625.671334000
1710124626.170869000
1710124626.681938000
1710124627.181916000
1710124627.679077000
1710124628.176088000
1710124628.681697000
1710124629.188312000
1710124629.680250000
1710124630.176620000
1710124630.714908000
1710124631.177758000
1710124631.681182000
1710124632.227106000
1710124632.719116000
1710124633.223645000
1710124633.712897000
1710124634.210232000
1710124634.677870000
1710124635.224207000
1710124635.688042000
1710124636.182461000
1710124636.714345000
1710124637.178160000
1710124637.715605000
1710124638.222462000
1710124638.677315000
1710124639.224324000
1710124639.719251000
1710124640.182632000
1710124640.719692000
1710124641.223969000
1710124641.688764000
1710124642.185159000
1710124642.724132000
1710124643.220095000
1710124643.681345000
1710124644.226431000
1710124644.676607000
1710124645.181653000
1710124645.719981000
1710124646.178955000
1710124646.679750000
1710124647.180416000
1710124647.677400000
1710124648.213047000
1710124648.718550000
1710124649.226587000
1710124649.673266000
1710124650.218358000
1710124650.722434000
1710124651.177336000
1710124651.722091000
1710124652.222006000
1710124652.682222000
1710124653.185469000
1710124653.721940000
1710124654.184263000
1710124654.716017000
1710124655.217438000
1710124655.673996000
1710124656.218456000
1710124656.678115000
1710124657.223591000
1710124657.682821000
1710124658.218855000
1710124658.721333000
1710124659.220814000
1710124659.711911000
1710124660.180922000
1710124660.713434000
1710124661.217878000
1710124661.723184000
1710124662.175817000
1710124662.678087000
1710124663.181154000
1710124663.723860000
1710124664.226958000
1710124664.721900000
1710124665.216256000
1710124665.710754000
1710124666.221329000
1710124666.683406000
1710124667.226676000
1710124667.678527000
1710124668.181464000
1710124668.683268000
1710124669.222906000
1710124669.722415000
1710124670.218498000
1710124670.716343000
1710124671.184634000
1710124671.725925000
1710124672.178257000
1710124672.677053000
1710124673.217375000
1710124673.718031000
1710124674.220825000
1710124674.720758000
1710124675.224952000
1710124675.684714000
1710124676.189932000
1710124676.687063000
1710124677.220121000
1710124677.719295000
1710124678.218737000
1710124678.720223000
1710124679.170094000
1710124679.721601000
1710124680.181173000
1710124680.723424000
1710124681.181481000
1710124681.678315000
1710124682.217445000
1710124682.718774000
1710124683.182372000
1710124683.722474000
1710124684.230055000
1710124684.676062000
1710124685.183962000
1710124685.675791000
1710124686.180905000
1710124686.677374000
1710124687.220718000
1710124687.727555000
1710124688.175225000
1710124688.673281000
1710124689.225999000
1710124689.714568000
1710124690.181526000
1710124690.724446000
1710124691.180886000
1710124691.714116000
1710124692.182201000
1710124692.680593000
1710124693.225765000
1710124693.720227000
1710124694.180350000
1710124694.722539000
1710124695.223033000
1710124695.678563000
1710124696.214798000
1710124696.726415000
1710124697.183316000
1710124697.721874000
1710124698.184559000
1710124698.680375000
1710124699.183488000
1710124699.682081000
1710124700.178848000
1710124700.716429000
1710124701.179113000
1710124701.720664000
1710124702.220228000
1710124702.679587000
1710124703.217796000
1710124703.717640000
1710124704.179169000
1710124704.678840000
1710124705.183748000
1710124705.717895000
1710124706.180994000
1710124706.678558000
1710124707.186476000
1710124707.680778000
1710124708.228728000
1710124708.719016000
1710124709.231357000
1710124709.724715000
1710124710.186701000
1710124710.681530000
1710124711.227465000
1710124711.714024000
1710124712.214204000
1710124712.684246000
1710124713.185377000
1710124713.720563000
1710124714.181995000
1710124714.716402000
1710124715.222619000
1710124715.685921000
1710124716.182157000
1710124716.673851000
1710124717.178872000
1710124717.722224000
1710124718.220002000
1710124718.677091000
1710124719.179728000
1710124719.674621000
1710124720.224585000
1710124720.706879000
1710124721.180468000
1710124721.722707000
1710124722.185890000
1710124722.725916000
1710124723.221667000
1710124723.681983000
1710124724.184762000
1710124724.674266000
1710124725.221600000
1710124725.719160000
1710124726.183678000
1710124726.714365000
1710124727.174706000
1710124727.677802000
1710124728.182907000
1710124728.682188000
1710124729.174401000
1710124729.723005000
1710124730.178160000
1710124730.673880000
1710124731.220535000
1710124731.677185000
1710124732.182022000
1710124732.680254000
1710124733.181576000
1710124733.716543000
1710124734.175987000
1710124734.724670000
1710124735.188351000
1710124735.727095000
1710124736.174729000
1710124736.719972000
1710124737.218308000
1710124737.719330000
1710124738.223214000
1710124738.679499000
1710124739.219080000
1710124739.719978000
1710124740.218866000
1710124740.678777000
1710124741.218608000
1710124741.724277000
1710124742.185964000
1710124742.683699000
1710124743.215675000
1710124743.680146000
1710124744.181559000
1710124744.719916000
1710124745.220607000
1710124745.674316000
1710124746.222742000
1710124746.682192000
1710124747.176991000
1710124747.725211000
1710124748.179228000
1710124748.688254000
1710124749.219351000
1710124749.724154000
1710124750.227309000
1710124750.717935000
1710124751.185250000
1710124751.716614000
1710124752.222913000
1710124752.680694000
1710124753.191603000
1710124753.716975000
1710124754.185991000
1710124754.726724000
1710124755.231091000
1710124755.681649000
1710124756.215553000
1710124756.723703000
1710124757.227056000
1710124757.676563000
1710124758.188683000
1710124758.678897000
1710124759.212478000
1710124759.678136000
1710124760.222877000
1710124760.721109000
1710124761.181587000
1710124761.679039000
1710124762.225899000
1710124762.681547000
1710124763.227248000
1710124763.687243000
1710124764.213351000
1710124764.715683000
1710124765.220858000
1710124765.671707000
1710124766.170717000
1710124766.723800000
1710124767.174905000
1710124767.673887000
1710124768.187345000
1710124768.676489000
1710124769.178355000
1710124769.678681000
1710124770.215526000
1710124770.715829000
1710124771.185746000
1710124771.716295000
1710124772.228766000
1710124772.679147000
1710124773.220382000
1710124773.675315000
1710124774.214360000
1710124774.719003000
1710124775.221881000
1710124775.679306000
1710124776.183946000
1710124776.684044000
1710124777.176340000
1710124777.717060000
1710124778.221688000
1710124778.678854000
1710124779.219505000
1710124779.723045000
1710124780.184723000
1710124780.716557000
1710124781.219301000
1710124781.721643000
1710124782.215746000
1710124782.679893000
1710124783.176743000
1710124783.683028000
1710124784.221857000
1710124784.683406000
1710124785.177112000
1710124785.715060000
1710124786.223047000
1710124786.680048000
1710124787.174704000
1710124787.718610000
1710124788.178536000
1710124788.721852000
1710124789.178037000
1710124789.682940000
1710124790.214445000
1710124790.686449000
1710124791.185583000
1710124791.712728000
1710124792.218920000
1710124792.717904000
1710124793.184721000
1710124793.679337000
1710124794.226299000
1710124794.680518000
1710124795.221456000
1710124795.713852000
1710124796.182595000
1710124796.678954000
1710124797.176423000
1710124797.674825000
1710124798.176025000
1710124798.719609000
1710124799.218831000
1710124799.721140000
1710124800.224399000
1710124800.718166000
1710124801.222731000
1710124801.726035000
1710124802.183903000
1710124802.720235000
1710124803.224037000
1710124803.681655000
1710124804.179729000
1710124804.713669000
1710124805.184844000
1710124805.718402000
1710124806.216928000
1710124806.719370000
1710124807.171844000
1710124807.677815000
1710124808.228695000
1710124808.720248000
1710124809.217143000
1710124809.717523000
1710124810.219364000
1710124810.681344000
1710124811.184378000
1710124811.717787000
1710124812.172556000
1710124812.684696000
1710124813.216490000
1710124813.713039000
1710124814.183481000
1710124814.680070000
1710124815.177709000
1710124815.718322000
1710124816.189022000
1710124816.684686000
1710124817.178567000
1710124817.719400000
1710124818.180912000
1710124818.718385000
1710124819.183524000
1710124819.679287000
1710124820.183767000
1710124820.719415000
1710124821.179098000
1710124821.677841000
1710124822.177624000
1710124822.679625000
1710124823.224462000
1710124823.727781000
1710124824.183656000
1710124824.723029000
1710124825.221703000
1710124825.719274000
1710124826.177844000
1710124826.718112000
1710124827.213903000
1710124827.716615000
1710124828.221137000
1710124828.677421000
1710124829.221847000
1710124829.721580000
1710124830.176314000
1710124830.727599000
1710124831.228616000
1710124831.719587000
1710124832.180402000
1710124832.723065000
1710124833.176738000
1710124833.718259000
1710124834.219366000
1710124834.719454000
1710124835.225080000
1710124835.724370000
1710124836.221887000
1710124836.724102000
1710124837.171097000
1710124837.724625000
1710124838.184031000
1710124838.724116000
1710124839.179729000
1710124839.677714000
1710124840.174689000
1710124840.676840000
1710124841.221361000
1710124841.723371000
1710124842.218618000
1710124842.673877000
1710124843.215983000
1710124843.680745000
1710124844.221405000
1710124844.676715000
1710124845.218556000
1710124845.721704000
1710124846.187147000
1710124846.724047000
1710124847.219172000
1710124847.690906000
1710124848.184830000
1710124848.690395000
1710124849.177692000
1710124849.678137000
1710124850.221266000
1710124850.680754000
1710124851.187508000
1710124851.718630000
1710124852.176807000
1710124852.681395000
1710124853.171693000
1710124853.716567000
1710124854.187704000
1710124854.680528000
1710124855.182603000
1710124855.675796000
1710124856.215890000
1710124856.680478000
1710124857.169530000
1710124857.681878000
1710124858.175821000
1710124858.719716000
1710124859.182700000
1710124859.723700000
1710124860.175342000
1710124860.721987000
1710124861.185322000
1710124861.722385000
1710124862.177005000
1710124862.725003000
1710124863.177443000
1710124863.681680000
1710124864.183003000
1710124864.685878000
1710124865.220456000
1710124865.723787000
1710124866.175706000
1710124866.717044000
1710124867.223534000
1710124867.719881000
1710124868.220213000
1710124868.675495000
1710124869.170853000
1710124869.678297000
1710124870.217011000
1710124870.684411000
1710124871.217433000
1710124871.724756000
1710124872.180342000
1710124872.722167000
1710124873.221928000
1710124873.725298000
1710124874.173917000
1710124874.718545000
1710124875.173419000
1710124875.685308000
1710124876.217889000
1710124876.682371000
1710124877.175630000
1710124877.676801000
1710124878.176793000
1710124878.728889000
1710124879.185433000
1710124879.724890000
1710124880.222518000
1710124880.717549000
1710124881.221099000
1710124881.675498000
1710124882.226752000
1710124882.675431000
1710124883.170509000
1710124883.679837000
1710124884.222010000
1710124884.680578000
1710124885.225033000
1710124885.716664000
1710124886.181470000
1710124886.721929000
1710124887.216599000
1710124887.675436000
1710124888.220259000
1710124888.725810000
1710124889.179557000
1710124889.676680000
1710124890.176452000
1710124890.723472000
1710124891.223131000
1710124891.723914000
1710124892.178451000
1710124892.726993000
1710124893.183264000
1710124893.686506000
1710124894.216594000
1710124894.718787000
1710124895.168502000
1710124895.684241000
1710124896.223007000
1710124896.679696000
1710124897.179248000
1710124897.672793000
1710124898.223975000
1710124898.679326000
1710124899.178217000
1710124899.717636000
1710124900.221730000
1710124900.687843000
1710124901.221148000
1710124901.724058000
1710124902.211377000
1710124902.681527000
1710124903.173975000
1710124903.685026000
1710124904.216379000
1710124904.680747000
1710124905.189479000
1710124905.719603000
1710124906.222951000
1710124906.729096000
1710124907.173629000
1710124907.679320000
1710124908.218985000
1710124908.683695000
1710124909.220481000
1710124909.686516000
1710124910.224502000
1710124910.679622000
1710124911.223739000
1710124911.724448000
1710124912.215157000
1710124912.678696000
1710124913.183068000
1710124913.680137000
1710124914.229661000
1710124914.725475000
1710124915.219747000
1710124915.720752000
1710124916.228126000
1710124916.721111000
1710124917.221050000
1710124917.675951000
1710124918.180148000
1710124918.677432000
1710124919.179158000
1710124919.684722000
1710124920.219597000
1710124920.685351000
1710124921.181921000
1710124921.680413000
1710124922.183524000
1710124922.721114000
1710124923.180606000
1710124923.725697000
1710124924.220262000
1710124924.716090000
1710124925.179745000
1710124925.691599000
1710124926.222700000
1710124926.681348000
1710124927.176007000
1710124927.680417000
1710124928.171200000
1710124928.726911000
1710124929.182974000
1710124929.725323000
1710124930.216282000
1710124930.723641000
1710124931.175708000
1710124931.675751000
1710124932.181962000
1710124932.722439000
1710124933.179383000
1710124933.677637000
1710124934.222194000
1710124934.685811000
1710124935.181789000
1710124935.722871000
1710124936.222780000
1710124936.674477000
1710124937.177232000
1710124937.718024000
1710124938.178833000
1710124938.686988000
1710124939.184289000
1710124939.680220000
1710124940.175776000
1710124940.677560000
1710124941.176450000
1710124941.677452000
1710124942.212428000
1710124942.724869000
1710124943.216381000
1710124943.722151000
1710124944.213024000
1710124944.687548000
1710124945.184602000
1710124945.716047000
1710124946.180304000
1710124946.722232000
1710124947.179708000
1710124947.717461000
1710124948.176878000
1710124948.673757000
1710124949.224643000
1710124949.679896000
1710124950.223306000
1710124950.720765000
1710124951.179238000
1710124951.684245000
1710124952.218822000
1710124952.726456000
1710124953.184651000
1710124953.723675000
1710124954.185973000
1710124954.675359000
1710124955.217443000
1710124955.687523000
1710124956.181197000
1710124956.714030000
1710124957.175819000
1710124957.713468000
1710124958.184462000
1710124958.672590000
1710124959.169425000
1710124959.676138000
1710124960.214438000
1710124960.681303000
1710124961.175235000
1710124961.683596000
1710124962.225290000
1710124962.719504000
1710124963.175804000
1710124963.727185000
1710124964.226015000
1710124964.680506000
1710124965.177045000
1710124965.722108000
1710124966.185233000
1710124966.683977000
1710124967.177526000
1710124967.717592000
1710124968.174146000
1710124968.715851000
1710124969.218156000
1710124969.715719000
1710124970.225122000
1710124970.719211000
1710124971.218472000
1710124971.717184000
1710124972.222778000
1710124972.717910000
1710124973.216750000
1710124973.686798000
1710124974.172091000
1710124974.682688000
1710124975.217361000
1710124975.723640000
1710124976.177525000
1710124976.676900000
1710124977.223155000
1710124977.677293000
1710124978.181647000
1710124978.731344000
1710124979.228782000
1710124979.685660000
1710124980.178639000
1710124980.682876000
1710124981.213687000
1710124981.711316000
1710124982.217544000
1710124982.676059000
1710124983.223311000
1710124983.724727000
1710124984.220289000
1710124984.725795000
1710124985.213533000
1710124985.675325000
1710124986.230013000
1710124986.682623000
1710124987.177130000
1710124987.719041000
1710124988.221256000
1710124988.678066000
1710124989.219672000
1710124989.723887000
1710124990.178128000
1710124990.677878000
1710124991.210226000
1710124991.688693000
1710124992.222111000
1710124992.728397000
1710124993.226089000
1710124993.679464000
1710124994.177360000
1710124994.680063000
1710124995.212796000
1710124995.674968000
1710124996.176384000
1710124996.720085000
1710124997.174811000
1710124997.680774000
1710124998.226172000
1710124998.677944000
1710124999.214828000
1710124999.726673000
1710125000.228501000
1710125000.677100000
1710125001.178186000
1710125001.715551000
1710125002.216749000
1710125002.677613000
1710125003.181318000
1710125003.716990000
1710125004.188848000
1710125004.684820000
1710125005.180537000
1710125005.719464000
1710125006.176199000
1710125006.709605000
1710125007.190635000
1710125007.677861000
1710125008.183485000
1710125008.677846000
1710125009.217632000
1710125009.671692000
1710125010.173765000
1710125010.726896000
1710125011.182396000
1710125011.718508000
1710125012.216736000
1710125012.710123000
1710125013.176855000
1710125013.680046000
1710125014.179802000
1710125014.720770000
1710125015.227636000
1710125015.684830000
1710125016.180882000
1710125016.721977000
1710125017.175588000
1710125017.682935000
1710125018.182606000
1710125018.684241000
1710125019.221011000
1710125019.723382000
1710125020.183063000
1710125020.678703000
1710125021.217274000
1710125021.683623000
1710125022.221518000
1710125022.724975000
1710125023.217027000
1710125023.689728000
1710125024.175755000
1710125024.678258000
1710125025.187406000
1710125025.714366000
1710125026.175165000
1710125026.720941000
1710125027.215301000
1710125027.676800000
1710125028.185328000
1710125028.717359000
1710125029.227596000
1710125029.683868000
1710125030.180417000
1710125030.719029000
1710125031.217763000
1710125031.717472000
1710125032.179027000
1710125032.676052000
1710125033.179134000
1710125033.718260000
1710125034.184924000
1710125034.723664000
1710125035.185074000
1710125035.683471000
1710125036.218180000
1710125036.678131000
1710125037.183478000
1710125037.720310000
1710125038.177538000
1710125038.684890000
1710125039.220524000
1710125039.687175000
1710125040.186440000
1710125040.684843000
1710125041.175274000
1710125041.684839000
1710125042.223366000
1710125042.709379000
1710125043.179794000
1710125043.724290000
1710125044.218026000
1710125044.686280000
1710125045.178257000
1710125045.681684000
1710125046.182452000
1710125046.681498000
1710125047.224137000
1710125047.684767000
1710125048.222608000
1710125048.676934000
1710125049.178234000
1710125049.683812000
1710125050.220093000
1710125050.723139000
1710125051.228644000
1710125051.726008000
1710125052.181409000
1710125052.712829000
1710125053.220809000
1710125053.674155000
1710125054.180384000
1710125054.721182000
1710125055.214939000
1710125055.684349000
1710125056.222903000
1710125056.724527000
1710125057.221361000
1710125057.720875000
1710125058.182502000
1710125058.680375000
1710125059.177385000
1710125059.677682000
1710125060.181058000
1710125060.677138000
1710125061.186077000
1710125061.680820000
1710125062.219086000
1710125062.679804000
1710125063.221078000
1710125063.718152000
1710125064.176581000
1710125064.720940000
1710125065.227625000
1710125065.710000000
1710125066.221132000
1710125066.718165000
1710125067.216625000
1710125067.718932000
1710125068.188064000
1710125068.678373000
1710125069.185426000
1710125069.718397000
1710125070.219540000
1710125070.724715000
1710125071.225875000
1710125071.677438000
1710125072.182994000
1710125072.714526000
1710125073.171240000
1710125073.724473000
1710125074.184823000
1710125074.678396000
1710125075.211888000
1710125075.715289000
1710125076.220531000
1710125076.716428000
1710125077.182477000
1710125077.680960000
1710125078.183559000
1710125078.723735000
1710125079.180135000
1710125079.723737000
1710125080.217600000
1710125080.718840000
1710125081.228700000
1710125081.676443000
1710125082.180975000
1710125082.674153000
1710125083.214927000
1710125083.727050000
1710125084.184050000
1710125084.671505000
1710125085.212842000
1710125085.717526000
1710125086.223197000
1710125086.724842000
1710125087.221476000
1710125087.681080000
1710125088.179193000
1710125088.676138000
1710125089.220715000
1710125089.681886000
1710125090.177090000
1710125090.719406000
1710125091.176821000
1710125091.722888000
1710125092.225300000
1710125092.685551000
1710125093.223427000
1710125093.722544000
1710125094.176602000
1710125094.681083000
1710125095.181743000
1710125095.682176000
1710125096.175924000
1710125096.675497000
1710125097.180796000
1710125097.718881000
1710125098.219988000
1710125098.672650000
1710125099.177514000
1710125099.673517000
1710125100.217739000
1710125100.681168000
1710125101.218344000
1710125101.686380000
1710125102.175756000
1710125102.680131000
1710125103.222001000
1710125103.690199000
1710125104.182292000
1710125104.717927000
1710125105.218138000
1710125105.721545000
1710125106.227385000
1710125106.715240000
1710125107.217919000
1710125107.722605000
1710125108.187233000
1710125108.721184000
1710125109.213202000
1710125109.713093000
1710125110.218473000
1710125110.675846000
1710125111.217185000
1710125111.719904000
1710125112.175920000
1710125112.677605000
1710125113.179809000
1710125113.682175000
1710125114.186450000
1710125114.677372000
1710125115.180805000
1710125115.677366000
1710125116.181638000
1710125116.674973000
1710125117.223039000
1710125117.718975000
1710125118.171571000
1710125118.722164000
1710125119.182313000
1710125119.681462000
1710125120.219281000
1710125120.676082000
1710125121.218911000
1710125121.675274000
1710125122.179552000
1710125122.676517000
1710125123.214129000
1710125123.675612000
1710125124.219445000
1710125124.678905000
1710125125.175545000
1710125125.720484000
1710125126.176100000
1710125126.717013000
1710125127.184227000
1710125127.678381000
1710125128.212691000
1710125128.684344000
1710125129.182420000
1710125129.722389000
1710125130.179556000
1710125130.672965000
1710125131.179851000
1710125131.719856000
1710125132.221761000
1710125132.683513000
1710125133.176243000
1710125133.683653000
1710125134.215276000
1710125134.723625000
1710125135.185303000
1710125135.716902000
1710125136.176495000
1710125136.726911000
1710125137.185719000
1710125137.682268000
1710125138.183126000
1710125138.686936000
1710125139.181920000
1710125139.723123000
1710125140.215681000
1710125140.687992000
1710125141.178079000
1710125141.723818000
1710125142.182057000
1710125142.714028000
1710125143.221705000
1710125143.722659000
1710125144.180947000
1710125144.675296000
1710125145.214844000
1710125145.723168000
1710125146.175116000
1710125146.676225000
1710125147.221992000
1710125147.679288000
1710125148.184876000
1710125148.686131000
1710125149.218177000
1710125149.687401000
1710125150.182397000
1710125150.724292000
1710125151.182625000
1710125151.677324000
1710125152.219469000
1710125152.675018000
1710125153.224154000
1710125153.680880000
1710125154.178478000
1710125154.722166000
1710125155.224866000
1710125155.676779000
1710125156.181741000
1710125156.676696000
1710125157.217733000
1710125157.727557000
1710125158.176039000
1710125158.686988000
1710125159.179870000
1710125159.721987000
1710125160.224200000
1710125160.678574000
1710125161.229870000
1710125161.685700000
1710125162.176869000
1710125162.677168000
1710125163.215652000
1710125163.716208000
1710125164.182621000
1710125164.674764000
1710125165.179984000
1710125165.686592000
1710125166.178794000
1710125166.685590000
1710125167.175502000
1710125167.719693000
1710125168.182599000
1710125168.722602000
1710125169.172470000
1710125169.685464000
1710125170.180012000
1710125170.677087000
1710125171.222072000
1710125171.721575000
1710125172.183921000
1710125172.687547000
1710125173.221651000
1710125173.716656000
1710125174.220560000
1710125174.721430000
1710125175.182715000
1710125175.717450000
1710125176.221519000
1710125176.721854000
1710125177.212977000
1710125177.718419000
1710125178.181591000
1710125178.680134000
1710125179.183024000
1710125179.717859000
1710125180.215881000
1710125180.679438000
1710125181.224139000
1710125181.676311000
1710125182.213838000
1710125182.722667000
1710125183.221087000
1710125183.726368000
1710125184.180640000
1710125184.716636000
1710125185.181762000
1710125185.676688000
1710125186.183724000
1710125186.682790000
1710125187.214530000
1710125187.717970000
1710125188.225527000
1710125188.686798000
1710125189.183760000
1710125189.716278000
1710125190.216532000
1710125190.716359000
1710125191.221281000
1710125191.714845000
1710125192.224966000
1710125192.681711000
1710125193.188311000
1710125193.685007000
1710125194.214122000
1710125194.722278000
1710125195.225426000
1710125195.725999000
1710125196.211921000
1710125196.719764000
1710125197.181659000
1710125197.682881000
1710125198.218538000
1710125198.674222000
1710125199.228250000
1710125199.723091000
1710125200.217181000
1710125200.674625000
1710125201.226579000
1710125201.727890000
1710125202.178504000
1710125202.727732000
1710125203.220905000
1710125203.718949000
1710125204.219092000
1710125204.683598000
1710125205.220360000
1710125205.721048000
1710125206.219145000
1710125206.724026000
1710125207.184515000
1710125207.673311000
1710125208.224021000
1710125208.671212000
1710125209.176977000
1710125209.675225000
1710125210.226405000
1710125210.677839000
1710125211.181517000
1710125211.726535000
1710125212.220434000
1710125212.673345000
1710125213.217492000
1710125213.673701000
1710125214.218584000
1710125214.678915000
1710125215.178725000
1710125215.672827000
1710125216.189971000
1710125216.686069000
1710125217.227246000
1710125217.715381000
1710125218.218138000
1710125218.717469000
1710125219.216866000
1710125219.687612000
1710125220.217973000
1710125220.709833000
1710125221.187797000
1710125221.729759000
1710125222.225050000
1710125222.678918000
1710125223.217868000
1710125223.674485000
1710125224.221067000
1710125224.673832000
1710125225.223359000
1710125225.721610000
1710125226.219859000
1710125226.679185000
1710125227.219170000
1710125227.719902000
1710125228.181380000
1710125228.679286000
1710125229.185756000
1710125229.677319000
1710125230.179196000
1710125230.674452000
1710125231.179694000
1710125231.714022000
1710125232.186719000
1710125232.724132000
1710125233.183292000
1710125233.680456000
1710125234.226560000
1710125234.718491000
1710125235.179495000
1710125235.720554000
1710125236.214387000
1710125236.719204000
1710125237.223586000
1710125237.681589000
1710125238.221705000
1710125238.684833000
1710125239.182932000
1710125239.679260000
1710125240.179069000
1710125240.676309000
1710125241.215357000
1710125241.678031000
1710125242.177090000
1710125242.684294000
1710125243.214330000
1710125243.680653000
1710125244.225639000
1710125244.684140000
1710125245.219559000
1710125245.723483000
1710125246.188303000
1710125246.672203000
1710125247.222182000
1710125247.713786000
1710125248.216652000
1710125248.712853000
1710125249.183202000
1710125249.722419000
1710125250.215906000
1710125250.728476000
1710125251.183177000
1710125251.722725000
1710125252.226986000
1710125252.679256000
1710125253.181057000
1710125253.676111000
1710125254.187990000
1710125254.722681000
1710125255.227623000
1710125255.724738000
1710125256.183379000
1710125256.681690000
1710125257.177495000
1710125257.677588000
1710125258.220357000
1710125258.683523000
1710125259.176835000
1710125259.714042000
1710125260.224385000
1710125260.679589000
1710125261.217429000
1710125261.720884000
1710125262.220246000
1710125262.676731000
1710125263.179323000
1710125263.721545000
1710125264.183460000
1710125264.714697000
1710125265.172432000
1710125265.730534000
1710125266.176907000
1710125266.681386000
1710125267.185656000
1710125267.721351000
1710125268.181784000
1710125268.729287000
1710125269.184456000
1710125269.685668000
1710125270.210036000
1710125270.675378000
1710125271.178822000
1710125271.720894000
1710125272.231985000
1710125272.681921000
1710125273.185622000
1710125273.718183000
1710125274.218549000
1710125274.673756000
1710125275.214529000
1710125275.685098000
1710125276.222648000
1710125276.721569000
1710125277.180948000
1710125277.719109000
1710125278.221353000
1710125278.677500000
1710125279.217323000
1710125279.684145000
1710125280.176750000
1710125280.682571000
1710125281.222055000
1710125281.674251000
1710125282.184481000
1710125282.676892000
1710125283.187486000
1710125283.686987000
1710125284.219392000
1710125284.724045000
1710125285.221713000
1710125285.680508000
1710125286.182374000
1710125286.675835000
1710125287.176087000
1710125287.719745000
1710125288.225196000
1710125288.674605000
1710125289.216890000
1710125289.686079000
1710125290.176709000
1710125290.713064000
1710125291.213060000
1710125291.677097000
1710125292.179693000
1710125292.676392000
1710125293.187212000
1710125293.677802000
1710125294.179250000
1710125294.683180000
1710125295.180536000
1710125295.685128000
1710125296.176944000
1710125296.687480000
1710125297.218208000
1710125297.677782000
1710125298.178379000
1710125298.719952000
1710125299.177138000
1710125299.687975000
1710125300.225095000
1710125300.725040000
1710125301.217964000
1710125301.727643000
1710125302.215997000
1710125302.716596000
1710125303.222812000
1710125303.721342000
1710125304.227431000
1710125304.725840000
1710125305.177892000
1710125305.717840000
1710125306.217521000
1710125306.723422000
1710125307.225370000
1710125307.681769000
1710125308.176045000
1710125308.683125000
1710125309.186281000
1710125309.726083000
1710125310.175445000
1710125310.677648000
1710125311.184794000
1710125311.682661000
1710125312.171392000
1710125312.673653000
1710125313.172158000
1710125313.673683000
1710125314.180467000
1710125314.719072000
1710125315.183462000
1710125315.685636000
1710125316.187045000
1710125316.682101000
1710125317.216289000
1710125317.682238000
1710125318.182398000
1710125318.716877000
1710125319.180832000
1710125319.683908000
1710125320.223013000
1710125320.673031000
1710125321.180802000
1710125321.683857000
1710125322.183594000
1710125322.722738000
1710125323.212800000
1710125323.727236000
1710125324.183959000
1710125324.680311000
1710125325.220304000
1710125325.715329000
1710125326.227942000
1710125326.674918000
1710125327.188685000
1710125327.714457000
1710125328.178540000
1710125328.723513000
1710125329.221147000
1710125329.691471000
1710125330.181569000
1710125330.724076000
1710125331.224962000
1710125331.721379000
1710125332.225310000
1710125332.723724000
1710125333.179673000
1710125333.719502000
1710125334.219701000
1710125334.675670000
1710125335.172956000
1710125335.718741000
1710125336.214431000
1710125336.723389000
1710125337.215384000
1710125337.680340000
1710125338.216734000
1710125338.719186000
1710125339.215655000
1710125339.721862000
1710125340.223506000
1710125340.716718000
1710125341.184094000
1710125341.674937000
1710125342.224401000
1710125342.721511000
1710125343.183131000
1710125343.681438000
1710125344.224687000
1710125344.721585000
1710125345.187450000
1710125345.678075000
1710125346.174569000
1710125346.724366000
1710125347.179986000
1710125347.713716000
1710125348.229356000
1710125348.719741000
1710125349.186043000
1710125349.713416000
1710125350.185409000
1710125350.665303000
1710125351.153898000
1710125351.662924000
1710125352.163405000
1710125352.661860000
1710125353.163716000
1710125353.661600000
1710125354.160269000
1710125354.665995000
1710125355.164941000
1710125355.655057000
1710125356.161926000
1710125356.658515000
1710125357.167312000
1710125357.658471000
1710125358.163908000
1710125358.662759000
1710125359.158715000
1710125359.658265000
1710125360.156159000
1710125360.662265000
1710125361.157456000
1710125361.655251000
1710125362.159793000
1710125362.660197000
1710125363.164939000
1710125363.657432000
1710125364.157143000
1710125364.657239000
1710125365.160679000
1710125365.657890000
1710125366.161530000
1710125366.664018000
1710125367.158239000
1710125367.660812000
1710125368.160975000
1710125368.661540000
1710125369.160590000
1710125369.662917000
1710125370.163474000
1710125370.657494000
1710125371.159441000
1710125371.660070000
1710125372.164412000
1710125372.659242000
1710125373.159398000
1710125373.660952000
1710125374.164944000
1710125374.666168000
1710125375.159380000
1710125375.663881000
1710125376.161068000
1710125376.664064000
1710125377.160622000
1710125377.660800000
1710125378.161785000
1710125378.659364000
1710125379.160034000
1710125379.661585000
1710125380.162293000
1710125380.662173000
1710125381.156668000
1710125381.665937000
1710125382.157197000
1710125382.666174000
1710125383.161405000
1710125383.656561000
1710125384.161193000
1710125384.662132000
1710125385.159738000
1710125385.658953000
1710125386.159783000
1710125386.664244000
1710125387.160993000
1710125387.661468000
1710125388.156136000
1710125388.660560000
1710125389.153023000
1710125389.660255000
1710125390.160118000
1710125390.660590000
1710125391.164454000
1710125391.656339000
1710125392.162323000
1710125392.660668000
1710125393.166375000
1710125393.662994000
1710125394.165234000
1710125394.656161000
1710125395.159066000
1710125395.656448000
1710125396.161552000
1710125396.657869000
1710125397.159112000
1710125397.658947000
1710125398.169065000
1710125398.663725000
1710125399.158562000
1710125399.655291000
1710125400.168715000
1710125400.660815000
1710125401.155228000
1710125401.657686000
1710125402.162024000
1710125402.659977000
1710125403.161138000
1710125403.662416000
1710125404.164145000
1710125404.656580000
1710125405.160279000
1710125405.658826000
1710125406.159507000
1710125406.666785000
1710125407.161544000
1710125407.657226000
1710125408.154401000
1710125408.663135000
1710125409.159535000
1710125409.662686000
1710125410.162685000
1710125410.663116000
1710125411.159652000
1710125411.660545000
1710125412.161155000
1710125412.662623000
1710125413.160222000
1710125413.657303000
1710125414.159545000
1710125414.664937000
1710125415.161343000
1710125415.650779000
1710125416.160102000
1710125416.657918000
1710125417.164324000
1710125417.659219000
1710125418.161695000
1710125418.660220000
1710125419.158475000
1710125419.667630000
1710125420.157313000
1710125420.659533000
1710125421.160582000
1710125421.657808000
1710125422.159191000
1710125422.656539000
1710125423.161168000
1710125423.657129000
1710125424.160473000
1710125424.660611000
1710125425.160211000
1710125425.660306000
1710125426.157087000
1710125426.662818000
1710125427.159586000
1710125427.661596000
1710125428.154466000
1710125428.660925000
1710125429.156253000
1710125429.671017000
1710125430.160237000
1710125430.659868000
1710125431.161177000
1710125431.658144000
1710125432.154996000
1710125432.661904000
1710125433.164795000
1710125433.662678000
1710125434.164830000
1710125434.663445000
1710125435.158228000
1710125435.663193000
1710125436.160179000
1710125436.662457000
1710125437.158872000
1710125437.656532000
1710125438.161747000
1710125438.658928000
1710125439.163961000
1710125439.658065000
1710125440.167778000
1710125440.661671000
1710125441.161989000
1710125441.661455000
1710125442.164457000
1710125442.659146000
1710125443.156699000
1710125443.664946000
1710125444.163213000
1710125444.660393000
1710125445.161582000
1710125445.653718000
1710125446.158219000
1710125446.659914000
1710125447.154578000
1710125447.658872000
1710125448.160890000
1710125448.662100000
1710125449.165365000
1710125449.660819000
1710125450.162644000
1710125450.660627000
1710125451.160466000
1710125451.658133000
1710125452.158431000
1710125452.661103000
1710125453.159293000
1710125453.655953000
1710125454.158087000
1710125454.661837000
1710125455.157436000
1710125455.654997000
1710125456.156535000
1710125456.660935000
1710125457.157436000
1710125457.659389000
1710125458.161527000
1710125458.662249000
1710125459.164886000
1710125459.659392000
1710125460.162530000
1710125460.656725000
1710125461.160242000
1710125461.659580000
1710125462.159289000
1710125462.659245000
1710125463.163129000
1710125463.663135000
1710125464.160049000
1710125464.659388000
1710125465.162045000
1710125465.658490000
1710125466.165751000
1710125466.667149000
1710125467.162007000
1710125467.661406000
1710125468.164396000
1710125468.658923000
1710125469.162975000
1710125469.658523000
1710125470.158482000
1710125470.661273000
1710125471.161700000
1710125471.657329000
1710125472.161603000
1710125472.663074000
1710125473.159270000
1710125473.654887000
1710125474.160259000
1710125474.657511000
1710125475.157390000
1710125475.663553000
1710125476.157317000
1710125476.659156000
1710125477.163359000
1710125477.658522000
1710125478.163340000
1710125478.666266000
1710125479.156681000
1710125479.659753000
1710125480.163228000
1710125480.657820000
1710125481.163681000
1710125481.661299000
1710125482.169163000
1710125482.665775000
1710125483.158471000
1710125483.662965000
1710125484.164654000
1710125484.658606000
1710125485.159752000
1710125485.658658000
1710125486.154805000
1710125486.662965000
1710125487.162831000
1710125487.662556000
1710125488.158983000
1710125488.664654000
1710125489.160888000
1710125489.662707000
1710125490.161415000
1710125490.659792000
1710125491.163296000
1710125491.657686000
1710125492.153844000
1710125492.656908000
1710125493.157793000
1710125493.662273000
1710125494.161333000
1710125494.658497000
1710125495.164727000
1710125495.660286000
1710125496.157745000
1710125496.656275000
1710125497.165004000
1710125497.661712000
1710125498.162713000
1710125498.664062000
1710125499.161522000
1710125499.660429000
1710125500.163680000
1710125500.655974000
1710125501.160078000
1710125501.663334000
1710125502.160172000
1710125502.660940000
1710125503.156283000
1710125503.660399000
1710125504.162643000
1710125504.658354000
1710125505.150570000
1710125505.661414000
1710125506.165134000
1710125506.659915000
1710125507.161934000
1710125507.653807000
1710125508.153348000
1710125508.663524000
1710125509.158828000
1710125509.654899000
1710125510.161237000
1710125510.663988000
1710125511.165019000
1710125511.660217000
1710125512.158887000
1710125512.661479000
1710125513.157815000
1710125513.662379000
1710125514.166249000
1710125514.655936000
1710125515.164447000
1710125515.664985000
1710125516.158151000
1710125516.660596000
1710125517.159411000
1710125517.664428000
1710125518.163051000
1710125518.655909000
1710125519.158813000
1710125519.666724000
1710125520.159141000
1710125520.665375000
1710125521.155675000
1710125521.661757000
1710125522.160815000
1710125522.663311000
1710125523.161103000
1710125523.663079000
1710125524.157331000
1710125524.661653000
1710125525.158805000
1710125525.663508000
1710125526.158618000
1710125526.663731000
1710125527.161090000
1710125527.662123000
1710125528.158169000
1710125528.661836000
1710125529.163341000
1710125529.659226000
1710125530.161694000
1710125530.663413000
1710125531.158912000
1710125531.661454000
1710125532.161386000
1710125532.659821000
1710125533.157717000
1710125533.661552000
1710125534.167830000
1710125534.655511000
1710125535.160245000
1710125535.660058000
1710125536.165715000
1710125536.660226000
1710125537.158534000
1710125537.662523000
1710125538.157835000
1710125538.658276000
1710125539.160585000
1710125539.658788000
1710125540.159615000
1710125540.664268000
1710125541.160287000
1710125541.661319000
1710125542.158478000
1710125542.661743000
1710125543.161888000
1710125543.656691000
1710125544.164788000
1710125544.658539000
1710125545.155406000
1710125545.661953000
1710125546.165767000
1710125546.661587000
1710125547.158892000
1710125547.665928000
1710125548.156711000
1710125548.662655000
1710125549.165524000
1710125549.661882000
1710125550.161256000
1710125550.656623000
1710125551.162360000
1710125551.654958000
1710125552.160541000
1710125552.663442000
1710125553.160458000
1710125553.659423000
1710125554.162452000
1710125554.657957000
1710125555.165004000
1710125555.660030000
1710125556.157158000
1710125556.657205000
1710125557.156788000
1710125557.659900000
1710125558.159276000
1710125558.658298000
1710125559.164319000
1710125559.661632000
1710125560.166523000
1710125560.660518000
1710125561.160561000
1710125561.663037000
1710125562.163326000
1710125562.663699000
1710125563.159534000
1710125563.659588000
1710125564.157372000
1710125564.660829000
1710125565.166471000
1710125565.662476000
1710125566.154109000
1710125566.662858000
1710125567.160320000
1710125567.661088000
1710125568.161769000
1710125568.662720000
1710125569.159912000
1710125569.660008000
1710125570.158059000
1710125570.665581000
1710125571.160025000
1710125571.662064000
1710125572.161631000
1710125572.659234000
1710125573.162872000
1710125573.664269000
1710125574.162603000
1710125574.661115000
1710125575.158245000
1710125575.656298000
1710125576.159596000
1710125576.657984000
1710125577.164361000
1710125577.655761000
1710125578.160758000
1710125578.657842000
1710125579.159327000
1710125579.662086000
1710125580.161686000
1710125580.658563000
1710125581.156175000
1710125581.663779000
1710125582.160870000
1710125582.662015000
1710125583.158802000
1710125583.667464000
1710125584.157278000
1710125584.661090000
1710125585.157636000
1710125585.659748000
1710125586.161793000
1710125586.660791000
1710125587.155286000
1710125587.660644000
1710125588.159668000
1710125588.660697000
1710125589.163132000
1710125589.657649000
1710125590.162625000
1710125590.666634000
1710125591.161579000
1710125591.664015000
1710125592.163980000
1710125592.661351000
1710125593.161570000
1710125593.659122000
1710125594.151704000
1710125594.659952000
1710125595.159956000
1710125595.661673000
1710125596.162399000
1710125596.656743000
1710125597.157454000
1710125597.657573000
1710125598.166224000
1710125598.663461000
1710125599.160728000
1710125599.656814000
1710125600.155580000
1710125600.659180000
1710125601.159138000
1710125601.658968000
1710125602.159953000
1710125602.664730000
1710125603.161899000
1710125603.658282000
1710125604.163510000
1710125604.658450000
1710125605.161307000
1710125605.661263000
1710125606.164803000
1710125606.658468000
1710125607.160782000
1710125607.662761000
1710125608.161009000
1710125608.662899000
1710125609.160345000
1710125609.661724000
1710125610.160267000
1710125610.659570000
1710125611.162593000
1710125611.663627000
1710125612.156319000
1710125612.658655000
1710125613.157551000
1710125613.654700000
1710125614.160413000
1710125614.663596000
1710125615.161563000
1710125615.661736000
1710125616.159440000
1710125616.663598000
1710125617.152043000
1710125617.656210000
1710125618.161775000
1710125618.657279000
1710125619.161371000
1710125619.659665000
1710125620.157494000
1710125620.662414000
1710125621.161839000
1710125621.663512000
1710125622.159917000
1710125622.663338000
1710125623.158922000
1710125623.661581000
1710125624.155866000
1710125624.655587000
1710125625.159767000
1710125625.660046000
1710125626.158595000
1710125626.658889000
1710125627.157911000
1710125627.663738000
1710125628.161347000
1710125628.662254000
1710125629.163176000
1710125629.660056000
1710125630.156502000
1710125630.659045000
1710125631.161326000
1710125631.663418000
1710125632.159353000
1710125632.667062000
1710125633.159707000
1710125633.661774000
1710125634.163188000
1710125634.656571000
1710125635.154706000
1710125635.664756000
1710125636.152790000
1710125636.665567000
1710125637.157252000
1710125637.668295000
1710125638.162755000
1710125638.660088000
1710125639.162643000
1710125639.663115000
1710125640.160985000
1710125640.661616000
1710125641.163366000
1710125641.662482000
1710125642.162363000
1710125642.665108000
1710125643.159405000
1710125643.656986000
1710125644.163291000
1710125644.662458000
1710125645.163471000
1710125645.653684000
1710125646.162199000
1710125646.656309000
1710125647.160215000
1710125647.663027000
1710125648.154695000
1710125648.663413000
1710125649.163008000
1710125649.653615000
1710125650.158403000
1710125650.656946000
1710125651.160176000
1710125651.666849000
1710125652.161838000
1710125652.662370000
1710125653.164379000
1710125653.660081000
1710125654.156014000
1710125654.663877000
1710125655.157434000
1710125655.662430000
1710125656.161512000
1710125656.661772000
1710125657.157364000
1710125657.656490000
1710125658.160919000
1710125658.663502000
1710125659.166949000
1710125659.665221000
1710125660.159519000
1710125660.660434000
1710125661.161702000
1710125661.658798000
1710125662.158149000
1710125662.659060000
1710125663.160015000
1710125663.665047000
1710125664.160778000
1710125664.664382000
1710125665.155031000
1710125665.663217000
1710125666.161505000
1710125666.660685000
1710125667.161566000
1710125667.663855000
1710125668.161518000
1710125668.657344000
1710125669.160488000
1710125669.663439000
1710125670.161804000
1710125670.661345000
1710125671.154940000
1710125671.657245000
1710125672.162949000
1710125672.658595000
1710125673.158769000
1710125673.660791000
1710125674.163631000
1710125674.659728000
1710125675.160102000
1710125675.658448000
1710125676.161148000
1710125676.659204000
1710125677.158364000
1710125677.661818000
1710125678.167894000
1710125678.658273000
1710125679.162466000
1710125679.661187000
1710125680.166257000
1710125680.660761000
1710125681.162043000
1710125681.660299000
1710125682.161048000
1710125682.664061000
1710125683.160567000
1710125683.662876000
1710125684.159173000
1710125684.656805000
1710125685.157161000
1710125685.663447000
1710125686.164462000
1710125686.658271000
1710125687.153267000
1710125687.660026000
1710125688.162521000
1710125688.660148000
1710125689.156046000
1710125689.663080000
1710125690.159032000
1710125690.667768000
1710125691.158668000
1710125691.656489000
1710125692.163474000
1710125692.665866000
1710125693.164871000
1710125693.659573000
1710125694.159395000
1710125694.658825000
1710125695.161581000
1710125695.663277000
1710125696.159885000
1710125696.659178000
1710125697.164098000
1710125697.662764000
1710125698.154596000
1710125698.657882000
1710125699.162023000
1710125699.655190000
1710125700.160481000
1710125700.660351000
1710125701.161081000
1710125701.659140000
1710125702.161339000
1710125702.662325000
1710125703.158549000
1710125703.662685000
1710125704.162844000
1710125704.662337000
1710125705.158235000
1710125705.658317000
1710125706.160753000
1710125706.662414000
1710125707.166545000
1710125707.660879000
1710125708.159236000
1710125708.653104000
1710125709.159268000
1710125709.661269000
1710125710.154166000
1710125710.661443000
1710125711.158383000
1710125711.664886000
1710125712.156027000
1710125712.663331000
1710125713.156774000
1710125713.659606000
1710125714.162467000
1710125714.659007000
1710125715.159705000
1710125715.658902000
1710125716.157081000
1710125716.664990000
1710125717.160959000
1710125717.663400000
1710125718.162282000
1710125718.658848000
1710125719.160464000
1710125719.660124000
1710125720.160137000
1710125720.666097000
1710125721.161542000
1710125721.658450000
1710125722.160719000
1710125722.660582000
1710125723.159793000
1710125723.659039000
1710125724.158394000
1710125724.658712000
1710125725.158881000
1710125725.661510000
1710125726.154962000
1710125726.664732000
1710125727.165405000
1710125727.663688000
1710125728.159399000
1710125728.658034000
1710125729.164304000
1710125729.662225000
1710125730.160528000
1710125730.658684000
1710125731.162434000
1710125731.661078000
1710125732.162654000
1710125732.658406000
1710125733.165474000
1710125733.666286000
1710125734.157585000
1710125734.660149000
1710125735.158592000
1710125735.663583000
1710125736.164761000
1710125736.663711000
1710125737.158840000
1710125737.661695000
1710125738.163209000
1710125738.657871000
1710125739.160407000
1710125739.662309000
1710125740.165108000
1710125740.662638000
1710125741.161305000
1710125741.658135000
1710125742.161417000
1710125742.659486000
1710125743.162749000
1710125743.664733000
1710125744.163848000
1710125744.656019000
1710125745.162306000
1710125745.657983000
1710125746.166211000
1710125746.659603000
1710125747.158090000
1710125747.661241000
1710125748.167237000
1710125748.659648000
1710125749.160927000
1710125749.663186000
1710125750.156248000
1710125750.662966000
1710125751.163439000
1710125751.657205000
1710125752.155544000
1710125752.659001000
1710125753.155610000
1710125753.660456000
1710125754.168106000
1710125754.657776000
1710125755.159638000
1710125755.661347000
1710125756.160458000
1710125756.662680000
1710125757.155910000
1710125757.659270000
1710125758.164691000
1710125758.657620000
1710125759.161738000
1710125759.658288000
1710125760.160317000
1710125760.657589000
1710125761.156063000
1710125761.656893000
1710125762.158385000
1710125762.664387000
1710125763.164577000
1710125763.660299000
1710125764.162553000
1710125764.660727000
1710125765.156873000
1710125765.659356000
1710125766.158573000
1710125766.654538000
1710125767.162019000
1710125767.664376000
1710125768.156782000
1710125768.660514000
1710125769.158989000
1710125769.660030000
1710125770.158700000
1710125770.663089000
1710125771.159108000
1710125771.660924000
1710125772.157649000
1710125772.655609000
1710125773.157204000
1710125773.658051000
1710125774.156159000
1710125774.662195000
1710125775.163504000
1710125775.653337000
1710125776.161403000
1710125776.658933000
1710125777.159182000
1710125777.659100000
1710125778.162128000
1710125778.659503000
1710125779.162541000
1710125779.660352000
1710125780.157766000
1710125780.665468000
1710125781.164399000
1710125781.661634000
1710125782.153735000
1710125782.659928000
1710125783.157394000
1710125783.661459000
1710125784.162407000
1710125784.659143000
1710125785.167362000
1710125785.661269000
1710125786.166731000
1710125786.664983000
1710125787.154324000
1710125787.661721000
1710125788.159898000
1710125788.656795000
1710125789.159250000
1710125789.659068000
1710125790.163080000
1710125790.656616000
1710125791.162425000
1710125791.661839000
1710125792.165193000
1710125792.659893000
1710125793.158161000
1710125793.664129000
1710125794.159655000
1710125794.666299000
1710125795.163011000
1710125795.657838000
1710125796.164617000
1710125796.657414000
1710125797.152864000
1710125797.662246000
1710125798.163046000
1710125798.664483000
1710125799.160336000
1710125799.658501000
1710125800.163118000
1710125800.661458000
1710125801.156933000
1710125801.657702000
1710125802.157742000
1710125802.661760000
1710125803.157996000
1710125803.663040000
1710125804.161152000
1710125804.659586000
1710125805.165236000
1710125805.661845000
1710125806.158091000
1710125806.665555000
1710125807.160815000
1710125807.659219000
1710125808.156824000
1710125808.657906000
1710125809.160401000
1710125809.660145000
1710125810.161524000
1710125810.660544000
1710125811.161955000
1710125811.660316000
1710125812.166764000
1710125812.659190000
1710125813.160771000
1710125813.662524000
1710125814.160130000
1710125814.661674000
1710125815.164541000
1710125815.659552000
1710125816.154471000
1710125816.666299000
1710125817.161322000
1710125817.662181000
1710125818.160769000
1710125818.662148000
1710125819.161937000
1710125819.668742000
1710125820.161424000
1710125820.660174000
1710125821.158099000
1710125821.659998000
1710125822.159333000
1710125822.664268000
1710125823.162366000
1710125823.656281000
1710125824.157300000
1710125824.665206000
1710125825.157068000
1710125825.660747000
1710125826.161195000
1710125826.662175000
1710125827.162279000
1710125827.660296000
1710125828.158671000
1710125828.660271000
1710125829.157918000
1710125829.657817000
1710125830.159116000
1710125830.661225000
1710125831.155681000
1710125831.661369000
1710125832.162259000
1710125832.663123000
1710125833.160177000
1710125833.661570000
1710125834.159718000
1710125834.660294000
1710125835.154048000
1710125835.660416000
1710125836.159953000
1710125836.661546000
1710125837.157791000
1710125837.657976000
1710125838.159976000
1710125838.658853000
1710125839.159916000
1710125839.658138000
1710125840.164509000
1710125840.659331000
1710125841.162272000
1710125841.658873000
1710125842.159781000
1710125842.662017000
1710125843.161477000
1710125843.668504000
1710125844.160838000
1710125844.662425000
1710125845.160820000
1710125845.661430000
1710125846.156359000
1710125846.667288000
1710125847.157521000
1710125847.657886000
1710125848.156442000
1710125848.659290000
1710125849.160496000
1710125849.659632000
1710125850.161876000
1710125850.666059000
1710125851.159673000
1710125851.655860000
1710125852.165440000
1710125852.659791000
1710125853.155207000
1710125853.659010000
1710125854.161537000
1710125854.658792000
1710125855.160717000
1710125855.665102000
1710125856.158314000
1710125856.659527000
1710125857.159700000
1710125857.660651000
1710125858.160782000
1710125858.661590000
1710125859.159997000
1710125859.659082000
1710125860.156584000
1710125860.665129000
1710125861.155788000
1710125861.661980000
1710125862.162173000
1710125862.660692000
1710125863.154934000
1710125863.656291000
1710125864.162159000
1710125864.661067000
1710125865.158122000
1710125865.663212000
1710125866.161466000
1710125866.661794000
1710125867.158124000
1710125867.660518000
1710125868.160100000
1710125868.654382000
1710125869.157999000
1710125869.659775000
1710125870.163990000
1710125870.654747000
1710125871.161116000
1710125871.664753000
1710125872.164345000
1710125872.660793000
1710125873.159024000
1710125873.656272000
1710125874.160745000
1710125874.656230000
1710125875.157124000
1710125875.660704000
1710125876.163380000
1710125876.656954000
1710125877.161858000
1710125877.658062000
1710125878.159064000
1710125878.666777000
1710125879.162767000
1710125879.663299000
1710125880.158548000
1710125880.666773000
1710125881.159464000
1710125881.655243000
1710125882.161502000
1710125882.657519000
1710125883.163473000
1710125883.665824000
1710125884.160897000
1710125884.657245000
1710125885.158283000
1710125885.657728000
1710125886.160615000
1710125886.661027000
1710125887.159097000
1710125887.658439000
1710125888.154368000
1710125888.661857000
1710125889.161887000
1710125889.664366000
1710125890.161141000
1710125890.665272000
1710125891.161111000
1710125891.664203000
1710125892.160507000
1710125892.660229000
1710125893.160088000
1710125893.659813000
1710125894.169430000
1710125894.659872000
1710125895.155389000
1710125895.665111000
1710125896.161910000
1710125896.656358000
1710125897.162807000
1710125897.664428000
1710125898.162266000
1710125898.664871000
1710125899.160399000
1710125899.658885000
1710125900.158499000
1710125900.659346000
1710125901.154122000
1710125901.659212000
1710125902.163590000
1710125902.661068000
1710125903.161669000
1710125903.653369000
1710125904.162679000
1710125904.662984000
1710125905.155186000
1710125905.665183000
1710125906.161186000
1710125906.663203000
1710125907.164318000
1710125907.657013000
1710125908.157475000
1710125908.659961000
1710125909.161756000
1710125909.656502000
1710125910.157198000
1710125910.661374000
1710125911.158792000
1710125911.657641000
1710125912.161731000
1710125912.661386000
1710125913.159470000
1710125913.661763000
1710125914.158128000
1710125914.662772000
1710125915.161405000
1710125915.659095000
1710125916.161579000
1710125916.665936000
1710125917.159498000
1710125917.657611000
1710125918.157668000
1710125918.660988000
1710125919.154817000
1710125919.662257000
1710125920.154303000
1710125920.657420000
1710125921.165320000
1710125921.664216000
1710125922.158676000
1710125922.661828000
1710125923.164344000
1710125923.663094000
1710125924.161321000
1710125924.656502000
1710125925.159764000
1710125925.661644000
1710125926.157468000
1710125926.659945000
1710125927.155650000
1710125927.653949000
1710125928.156881000
1710125928.652870000
1710125929.161711000
1710125929.654817000
1710125930.157064000
1710125930.666516000
1710125931.157359000
1710125931.655371000
1710125932.164094000
1710125932.655904000
1710125933.155558000
1710125933.653784000
1710125934.165327000
1710125934.660950000
1710125935.163618000
1710125935.661699000
1710125936.159099000
1710125936.657806000
1710125937.161178000
1710125937.666620000
1710125938.159682000
1710125938.660719000
1710125939.160680000
1710125939.656377000
1710125940.157859000
1710125940.656758000
1710125941.162077000
1710125941.659616000
1710125942.161980000
1710125942.660275000
1710125943.164708000
1710125943.663516000
1710125944.161008000
1710125944.665346000
1710125945.162956000
1710125945.658782000
1710125946.158669000
1710125946.659870000
1710125947.162933000
1710125947.661304000
1710125948.155813000
1710125948.658904000
1710125949.158710000
1710125949.662297000
1710125950.159480000
1710125950.662151000
1710125951.160899000
1710125951.660130000
1710125952.163303000
1710125952.663832000
1710125953.155854000
1710125953.660856000
1710125954.154802000
1710125954.661644000
1710125955.161810000
1710125955.661078000
1710125956.154862000
1710125956.663848000
1710125957.161274000
1710125957.660300000
1710125958.158633000
1710125958.658552000
1710125959.161279000
1710125959.657013000
1710125960.158446000
1710125960.660583000
1710125961.162018000
1710125961.657738000
1710125962.157944000
1710125962.663275000
1710125963.161955000
1710125963.654730000
1710125964.160220000
1710125964.662836000
1710125965.156316000
1710125965.658634000
1710125966.166491000
1710125966.661403000
1710125967.165116000
1710125967.656722000
1710125968.160798000
1710125968.658762000
1710125969.164974000
1710125969.658231000
1710125970.157650000
1710125970.660394000
1710125971.157468000
1710125971.656716000
1710125972.162181000
1710125972.660132000
1710125973.161407000
1710125973.657938000
1710125974.154543000
1710125974.661596000
1710125975.159907000
1710125975.658132000
1710125976.163483000
1710125976.662864000
1710125977.163568000
1710125977.665003000
1710125978.167815000
1710125978.661882000
1710125979.160532000
1710125979.662319000
1710125980.163518000
1710125980.663070000
1710125981.159229000
1710125981.662137000
1710125982.154770000
1710125982.659385000
1710125983.161057000
1710125983.657744000
1710125984.160128000
1710125984.660448000
1710125985.164676000
1710125985.660448000
1710125986.162093000
1710125986.657182000
1710125987.162212000
1710125987.660783000
1710125988.154820000
1710125988.661898000
1710125989.158476000
1710125989.660663000
1710125990.156493000
1710125990.663481000
1710125991.156138000
1710125991.661626000
1710125992.168588000
1710125992.661493000
1710125993.160496000
1710125993.663940000
1710125994.158043000
1710125994.658314000
1710125995.159238000
1710125995.661474000
1710125996.161936000
1710125996.663664000
1710125997.164601000
1710125997.657341000
1710125998.165888000
1710125998.659060000
1710125999.160372000
1710125999.660199000
